n,ED_frac,factor,n_layouts,objective,rental,arrival,n_truck,n_drone,n_rendv,n_items,profit,time_to_best_s,evals
10,0.25,0.0,1,-45243.2,49424.2,988.5,5.0,0.0,0.0,5.0,4181.0,0.1,20310128.0
10,0.25,0.5,1,-45243.2,49424.2,988.5,5.0,0.0,0.0,5.0,4181.0,0.1,20006974.0
10,0.25,1.0,1,-45243.2,49424.2,988.5,5.0,0.0,0.0,5.0,4181.0,0.1,20367707.0
10,0.25,2.0,1,-45243.2,49424.2,988.5,5.0,0.0,0.0,5.0,4181.0,0.1,20249514.0
10,0.25,3.0,1,-45243.2,49424.2,988.5,5.0,0.0,0.0,5.0,4181.0,0.1,20101372.0
10,0.5,0.0,1,-45243.2,49424.2,988.5,5.0,0.0,0.0,5.0,4181.0,36.4,20344906.0
10,0.5,0.5,1,-43646.0,47827.0,956.5,4.0,1.0,1.0,5.0,4181.0,0.9,19306076.0
10,0.5,1.0,1,-42123.0,48168.0,963.4,5.0,2.0,2.0,7.0,6045.0,0.1,17628834.0
10,0.5,2.0,1,-41253.2,45580.2,911.6,3.0,2.0,2.0,5.0,4327.0,0.1,17419084.0
10,0.5,3.0,1,-41253.2,45580.2,911.6,3.0,2.0,2.0,5.0,4327.0,0.1,17604137.0
10,0.75,0.0,1,-46737.5,49265.5,985.3,3.0,0.0,0.0,3.0,2528.0,0.0,20253505.0
10,0.75,0.5,1,-41515.1,46061.1,921.2,4.0,1.0,2.0,5.0,4546.0,2.2,18538560.0
10,0.75,1.0,1,-38215.1,46064.1,921.3,5.0,4.0,4.0,9.0,7849.0,2.5,16150151.0
10,0.75,2.0,1,-34623.1,40668.1,813.4,4.0,3.0,4.0,7.0,6045.0,0.1,13819845.0
10,0.75,3.0,1,-33876.9,39040.9,780.8,3.0,3.0,4.0,6.0,5164.0,7.4,13782901.0
10,1.0,0.0,1,-45819.1,50146.1,1002.9,5.0,0.0,0.0,5.0,4327.0,75.5,21468656.0
10,1.0,0.5,1,-40142.3,45318.3,906.4,5.0,1.0,1.0,6.0,5176.0,0.4,19598786.0
10,1.0,1.0,1,-36643.8,43666.8,873.3,5.0,3.0,4.0,8.0,7023.0,12.3,16663374.0
10,1.0,2.0,1,-29669.8,37518.8,750.4,4.0,5.0,5.0,9.0,7849.0,5.0,13834404.0
10,1.0,3.0,1,-28486.2,34628.2,692.6,4.0,3.0,5.0,7.0,6142.0,2.0,13471468.0
20,0.25,0.0,1,-67028.8,74373.8,1487.5,8.0,0.0,0.0,8.0,7345.0,0.0,36189390.0
20,0.25,0.5,1,-60871.7,72217.7,1444.4,12.0,1.0,1.0,13.0,11346.0,1.8,34939708.0
20,0.25,1.0,1,-58262.6,72222.6,1444.5,11.0,5.0,6.0,16.0,13960.0,5.3,31098538.0
20,0.25,2.0,1,-54904.8,67878.8,1357.6,10.0,5.0,6.0,15.0,12974.0,5.2,29766178.0
20,0.25,3.0,1,-54738.1,67712.1,1354.2,10.0,5.0,6.0,15.0,12974.0,8.2,29897216.0
20,0.5,0.0,1,-67028.8,74373.8,1487.5,8.0,0.0,0.0,8.0,7345.0,0.0,36168093.0
20,0.5,0.5,1,-57579.9,69911.9,1398.2,11.0,3.0,3.0,14.0,12332.0,200.2,33075615.0
20,0.5,1.0,1,-52122.5,65340.5,1306.8,10.0,5.0,6.0,15.0,13218.0,140.4,29710620.0
20,0.5,2.0,1,-48705.0,62863.0,1257.3,9.0,7.0,8.0,16.0,14158.0,300.1,27264090.0
20,0.5,3.0,1,-47410.5,62250.5,1245.0,9.0,8.0,8.0,17.0,14840.0,300.1,26736916.0
20,0.75,0.0,1,-67028.8,74373.8,1487.5,8.0,0.0,0.0,8.0,7345.0,0.0,37563621.0
20,0.75,0.5,1,-50335.9,63253.9,1265.1,13.0,2.0,2.0,15.0,12918.0,21.3,32970439.0
20,0.75,1.0,1,-47050.4,64573.4,1291.5,15.0,5.0,5.0,20.0,17523.0,192.3,29440628.0
20,0.75,2.0,1,-29438.9,46961.9,939.2,11.0,9.0,9.0,20.0,17523.0,300.3,25134547.0
20,0.75,3.0,1,-24856.7,42379.7,847.6,11.0,9.0,9.0,20.0,17523.0,229.4,24713622.0
20,1.0,0.0,1,-67028.8,74373.8,1487.5,8.0,0.0,0.0,8.0,7345.0,0.1,38207860.0
20,1.0,0.5,1,-48907.7,62779.7,1255.6,13.0,3.0,3.0,16.0,13872.0,28.1,33569726.0
20,1.0,1.0,1,-41645.6,59168.6,1183.4,13.0,7.0,7.0,20.0,17523.0,10.6,30271898.0
20,1.0,2.0,1,-27953.1,45476.1,909.5,14.0,6.0,6.0,20.0,17523.0,138.1,25820639.0
20,1.0,3.0,1,-22423.2,39946.2,798.9,10.0,10.0,10.0,20.0,17523.0,300.1,24936840.0
30,0.25,0.0,1,-65791.1,83767.1,1675.3,21.0,0.0,0.0,21.0,17976.0,0.8,43076147.0
30,0.25,0.5,1,-59666.2,78373.2,1567.5,20.0,2.0,3.0,22.0,18707.0,81.3,39656292.0
30,0.25,1.0,1,-57224.1,77887.1,1557.7,18.0,6.0,8.0,24.0,20663.0,450.3,36425105.0
30,0.25,2.0,1,-52773.7,74198.7,1484.0,18.0,7.0,9.0,25.0,21425.0,450.3,34583451.0
30,0.25,3.0,1,-51843.4,73268.4,1465.4,18.0,7.0,9.0,25.0,21425.0,450.5,34334314.0
30,0.5,0.0,1,-69372.9,83543.9,1670.9,16.0,0.0,0.0,16.0,14171.0,0.1,43198204.0
30,0.5,0.5,1,-55512.0,74567.0,1491.3,18.0,4.0,4.0,22.0,19055.0,314.6,36944718.0
30,0.5,1.0,1,-47022.8,69973.8,1399.5,20.0,7.0,8.0,27.0,22951.0,450.7,33246111.0
30,0.5,2.0,1,-36714.6,61206.6,1224.1,16.0,13.0,13.0,29.0,24492.0,104.9,30034664.0
30,0.5,3.0,1,-33952.1,58444.1,1168.9,15.0,14.0,14.0,29.0,24492.0,369.7,29361225.0
30,0.75,0.0,1,-69372.9,83543.9,1670.9,16.0,0.0,0.0,16.0,14171.0,0.1,45121798.0
30,0.75,0.5,1,-54492.3,73458.3,1469.2,19.0,3.0,4.0,22.0,18966.0,406.6,38284395.0
30,0.75,1.0,1,-44406.2,67810.2,1356.2,20.0,7.0,7.0,27.0,23404.0,450.6,33391844.0
30,0.75,2.0,1,-30403.5,55071.5,1101.4,18.0,11.0,11.0,29.0,24668.0,450.2,29996735.0
30,0.75,3.0,1,-24689.2,49357.2,987.1,15.0,14.0,15.0,29.0,24668.0,358.7,28498655.0
30,1.0,0.0,1,-69372.9,83543.9,1670.9,16.0,0.0,0.0,16.0,14171.0,0.1,46390191.0
30,1.0,0.5,1,-51687.3,73245.3,1464.9,23.0,2.0,3.0,25.0,21558.0,4.1,38801646.0
30,1.0,1.0,1,-40681.4,64560.4,1291.2,22.0,6.0,7.0,28.0,23879.0,451.2,33786617.0
30,1.0,2.0,1,-29843.0,55066.0,1101.3,16.0,14.0,14.0,30.0,25223.0,116.2,29935836.0
30,1.0,3.0,1,-23335.6,48025.6,960.5,16.0,13.0,14.0,29.0,24690.0,395.5,28648292.0
40,0.25,0.0,1,-61253.8,88748.8,1775.0,31.0,0.0,0.0,31.0,27495.0,11.1,46888927.0
40,0.25,0.5,1,-55519.6,87719.6,1754.4,34.0,3.0,4.0,37.0,32200.0,82.8,44439473.0
40,0.25,1.0,1,-49771.3,81971.3,1639.4,26.0,11.0,12.0,37.0,32200.0,600.1,40413145.0
40,0.25,2.0,1,-43626.3,75418.3,1508.4,24.0,12.0,14.0,36.0,31792.0,262.2,37660229.0
40,0.25,3.0,1,-42678.7,74516.7,1490.3,22.0,14.0,16.0,36.0,31838.0,478.1,37976639.0
40,0.5,0.0,1,-63498.0,91217.0,1824.3,31.0,0.0,0.0,31.0,27719.0,0.1,47390697.0
40,0.5,0.5,1,-52149.5,83282.5,1665.7,32.0,4.0,5.0,36.0,31133.0,600.4,42310783.0
40,0.5,1.0,1,-42051.0,73889.0,1477.8,27.0,9.0,11.0,36.0,31838.0,600.2,36462819.0
40,0.5,2.0,1,-32699.1,66357.1,1327.1,23.0,16.0,16.0,39.0,33658.0,67.5,33798752.0
40,0.5,3.0,1,-30772.3,65190.3,1303.8,21.0,19.0,19.0,40.0,34418.0,32.9,33397340.0
40,0.75,0.0,1,-63498.0,91217.0,1824.3,31.0,0.0,0.0,31.0,27719.0,0.1,48840126.0
40,0.75,0.5,1,-50573.4,82629.4,1652.6,33.0,4.0,4.0,37.0,32056.0,475.0,42325236.0
40,0.75,1.0,1,-41720.2,73558.2,1471.2,28.0,8.0,10.0,36.0,31838.0,600.3,36188669.0
40,0.75,2.0,1,-32803.7,67221.7,1344.4,23.0,17.0,17.0,40.0,34418.0,194.3,33899564.0
40,0.75,3.0,1,-28264.1,61418.1,1228.4,22.0,16.0,17.0,38.0,33154.0,420.7,33476244.0
40,1.0,0.0,1,-63498.0,91217.0,1824.3,31.0,0.0,0.0,31.0,27719.0,0.1,49887673.0
40,1.0,0.5,1,-51382.3,83438.3,1668.8,33.0,4.0,4.0,37.0,32056.0,444.9,42864049.0
40,1.0,1.0,1,-40531.9,73129.9,1462.6,27.0,10.0,10.0,37.0,32598.0,606.1,35683049.0
40,1.0,2.0,1,-32515.4,66933.4,1338.7,24.0,16.0,16.0,40.0,34418.0,98.3,33873936.0
40,1.0,3.0,1,-27742.3,61498.3,1230.0,22.0,17.0,17.0,39.0,33756.0,9.8,32809179.0
50,0.25,0.0,1,-76863.6,111443.6,2228.9,40.0,0.0,0.0,40.0,34580.0,750.2,49841008.0
50,0.25,0.5,1,-56178.3,94240.3,1884.8,40.0,6.0,6.0,46.0,38062.0,750.6,45893250.0
50,0.25,1.0,1,-50965.4,91047.4,1820.9,36.0,13.0,13.0,49.0,40082.0,750.1,40772458.0
50,0.25,2.0,1,-45766.8,85123.8,1702.5,30.0,18.0,18.0,48.0,39357.0,107.7,39356856.0
50,0.25,3.0,1,-42851.4,82933.4,1658.7,30.0,19.0,19.0,49.0,40082.0,327.2,39098394.0
50,0.5,0.0,1,-77069.0,111649.0,2233.0,40.0,0.0,0.0,40.0,34580.0,750.1,50166440.0
50,0.5,0.5,1,-54750.8,92022.8,1840.5,41.0,4.0,5.0,45.0,37272.0,750.8,43381908.0
50,0.5,1.0,1,-40610.4,79967.4,1599.3,38.0,10.0,10.0,48.0,39357.0,750.3,39530481.0
50,0.5,2.0,1,-27173.0,67784.0,1355.7,29.0,21.0,21.0,50.0,40611.0,750.1,37000121.0
50,0.5,3.0,1,-27115.3,67197.3,1343.9,29.0,20.0,20.0,49.0,40082.0,691.6,35845865.0
50,0.75,0.0,1,-78498.5,112580.5,2251.6,39.0,0.0,0.0,39.0,34082.0,750.2,51782267.0
50,0.75,0.5,1,-53983.4,90944.4,1818.9,39.0,5.0,5.0,44.0,36961.0,751.2,43830704.0
50,0.75,1.0,1,-41498.8,81057.8,1621.2,36.0,12.0,12.0,48.0,39559.0,752.8,39495798.0
50,0.75,2.0,1,-27165.9,67776.9,1355.5,32.0,18.0,18.0,50.0,40611.0,750.1,36424081.0
50,0.75,3.0,1,-24488.1,65099.1,1302.0,27.0,23.0,23.0,50.0,40611.0,404.5,35338503.0
50,1.0,0.0,1,-76518.6,110993.6,2219.9,40.0,0.0,0.0,40.0,34475.0,750.3,53041494.0
50,1.0,0.5,1,-53072.5,91152.5,1823.1,40.0,6.0,6.0,46.0,38080.0,756.2,44025439.0
50,1.0,1.0,1,-41914.6,81996.6,1639.9,39.0,10.0,10.0,49.0,40082.0,752.0,39605573.0
50,1.0,2.0,1,-27858.4,67940.4,1358.8,31.0,18.0,18.0,49.0,40082.0,750.1,36283752.0
50,1.0,3.0,1,-21902.2,62513.2,1250.3,31.0,19.0,19.0,50.0,40611.0,687.5,35196847.0
75,0.25,0.0,1,-66535.9,120394.9,2407.9,65.0,0.0,0.0,65.0,53859.0,203.4,47597710.0
75,0.25,0.5,1,-58582.8,114268.8,2285.4,58.0,10.0,10.0,68.0,55686.0,978.0,41701445.0
75,0.25,1.0,1,-50756.9,107858.9,2157.2,52.0,19.0,19.0,71.0,57102.0,975.3,39224502.0
75,0.25,2.0,1,-42879.8,100567.8,2011.4,42.0,30.0,30.0,72.0,57688.0,975.3,37364060.0
75,0.25,3.0,1,-41332.6,98035.6,1960.7,41.0,29.0,31.0,70.0,56703.0,975.3,37282383.0
75,0.5,0.0,1,-80272.5,135089.5,2701.8,68.0,0.0,0.0,68.0,54817.0,975.3,48328485.0
75,0.5,0.5,1,-56289.1,112534.1,2250.7,60.0,9.0,9.0,69.0,56245.0,1025.1,40419922.0
75,0.5,1.0,1,-46723.2,103903.2,2078.1,58.0,14.0,15.0,72.0,57180.0,975.5,37971014.0
75,0.5,2.0,1,-33963.2,91994.2,1839.9,47.0,26.0,26.0,73.0,58031.0,975.4,35565642.0
75,0.5,3.0,1,-26822.0,84936.0,1698.7,43.0,30.0,30.0,73.0,58114.0,975.7,35147361.0
75,0.75,0.0,1,-80434.1,135251.1,2705.0,68.0,0.0,0.0,68.0,54817.0,1.0,49734907.0
75,0.75,0.5,1,-54265.5,112379.5,2247.6,65.0,8.0,8.0,73.0,58114.0,1014.8,40248629.0
75,0.75,1.0,1,-45282.8,103396.8,2067.9,58.0,15.0,15.0,73.0,58114.0,323.3,37953031.0
75,0.75,2.0,1,-34560.7,93448.7,1869.0,52.0,23.0,23.0,75.0,58888.0,975.4,35969218.0
75,0.75,3.0,1,-27905.8,85499.8,1710.0,46.0,26.0,28.0,72.0,57594.0,975.5,34528204.0
75,1.0,0.0,1,-80272.5,135089.5,2701.8,68.0,0.0,0.0,68.0,54817.0,975.4,51463824.0
75,1.0,0.5,1,-55126.4,110705.4,2214.1,61.0,7.0,7.0,68.0,55579.0,1005.5,42319771.0
75,1.0,1.0,1,-46100.1,103330.1,2066.6,56.0,15.0,15.0,71.0,57230.0,975.3,39256454.0
75,1.0,2.0,1,-31553.7,90441.7,1808.8,53.0,22.0,22.0,75.0,58888.0,975.6,35838829.0
75,1.0,3.0,1,-27110.9,84798.9,1696.0,46.0,26.0,27.0,72.0,57688.0,975.3,34862269.0
100,0.25,0.0,1,-74047.4,156146.4,3122.9,96.0,0.0,0.0,96.0,82099.0,1044.1,46034543.0
100,0.25,0.5,1,-65018.1,144875.1,2897.5,82.0,10.0,10.0,92.0,79857.0,1201.3,40738485.0
100,0.25,1.0,1,-55172.1,137935.1,2758.7,78.0,19.0,20.0,97.0,82763.0,1200.8,39002626.0
100,0.25,2.0,1,-44719.5,127429.5,2548.6,66.0,31.0,31.0,97.0,82710.0,1200.5,37562403.0
100,0.25,3.0,1,-40429.7,123618.7,2472.4,69.0,29.0,30.0,98.0,83189.0,1200.4,37549218.0
100,0.5,0.0,1,-89452.6,168111.6,3362.2,90.0,0.0,0.0,90.0,78659.0,1200.7,46412200.0
100,0.5,0.5,1,-62420.2,143464.2,2869.3,85.0,9.0,9.0,94.0,81044.0,1310.6,23038318.0
100,0.5,1.0,1,-51199.6,134876.6,2697.5,81.0,18.0,18.0,99.0,83677.0,1200.5,36864011.0
100,0.5,2.0,1,-36373.5,119837.5,2396.7,68.0,31.0,31.0,99.0,83464.0,1200.8,35391103.0
100,0.5,3.0,1,-27589.5,111266.5,2225.3,66.0,33.0,34.0,99.0,83677.0,1200.5,35007489.0
100,0.75,0.0,1,-86892.7,164899.7,3298.0,89.0,0.0,0.0,89.0,78007.0,1201.2,48614847.0
100,0.75,0.5,1,-61686.2,143393.2,2867.9,86.0,9.0,10.0,95.0,81707.0,1240.3,16701773.0
100,0.75,1.0,1,-51361.6,134559.6,2691.2,83.0,15.0,16.0,98.0,83198.0,1200.7,37548137.0
100,0.75,2.0,1,-32453.4,115161.4,2303.2,72.0,25.0,25.0,97.0,82708.0,1200.5,35389097.0
100,0.75,3.0,1,-35352.4,119295.4,2385.9,65.0,35.0,35.0,100.0,83943.0,1200.6,34310995.0
100,1.0,0.0,1,-88827.2,167486.2,3349.7,90.0,0.0,0.0,90.0,78659.0,1200.7,49578845.0
100,1.0,0.5,1,-57663.7,138152.7,2763.1,83.0,10.0,10.0,93.0,80489.0,1719.3,7256924.0
100,1.0,1.0,1,-50633.9,133884.9,2677.7,85.0,13.0,13.0,98.0,83251.0,1200.5,36525757.0
100,1.0,2.0,1,-38667.3,121918.3,2438.4,67.0,31.0,31.0,98.0,83251.0,1201.6,34873031.0
100,1.0,3.0,1,-34006.5,117949.5,2359.0,63.0,37.0,37.0,100.0,83943.0,1096.9,34338492.0
