n,ED_frac,param,value,n_layouts,objective,rental,arrival,n_truck,n_drone,n_rendv,n_items,profit,time_to_best_s,evals
10,0.25,R,1,1,7415.2,1157.8,1157.8,10.0,0.0,0.0,10.0,8573.0,0.1,19913487.0
10,0.25,R,100,1,-93589.1,95976.1,959.8,3.0,0.0,0.0,3.0,2387.0,0.1,20438619.0
10,0.25,R,12.5,1,-5899.2,14472.2,1157.8,10.0,0.0,0.0,10.0,8573.0,0.1,20042002.0
10,0.25,R,200,1,-188833.8,189677.8,948.4,1.0,0.0,0.0,1.0,844.0,0.1,20023666.0
10,0.25,R,25,1,-19668.3,26691.3,1067.7,8.0,0.0,0.0,8.0,7023.0,0.1,20046505.0
10,0.25,R,50,1,-45243.2,49424.2,988.5,5.0,0.0,0.0,5.0,4181.0,0.1,20027623.0
10,0.25,Wcap,0.25,1,-47001.2,47845.2,956.9,1.0,0.0,0.0,1.0,844.0,0.1,20533525.0
10,0.25,Wcap,0.5,1,-46449.2,48836.2,976.7,3.0,0.0,0.0,3.0,2387.0,0.1,20105132.0
10,0.25,Wcap,1,1,-45243.2,49424.2,988.5,5.0,0.0,0.0,5.0,4181.0,0.1,20340968.0
10,0.25,Wcap,2,1,-42938.8,49961.8,999.2,8.0,0.0,0.0,8.0,7023.0,0.1,20029055.0
10,0.25,Wcap,4,1,-40792.8,49365.8,987.3,10.0,0.0,0.0,10.0,8573.0,0.1,20006860.0
10,0.25,baseline,-,1,-45243.2,49424.2,988.5,5.0,0.0,0.0,5.0,4181.0,0.1,20607640.0
10,0.25,vDfact,0.5,1,-45243.2,49424.2,988.5,5.0,0.0,0.0,5.0,4181.0,0.1,20489719.0
10,0.25,vDfact,1,1,-45243.2,49424.2,988.5,5.0,0.0,0.0,5.0,4181.0,0.1,20312149.0
10,0.25,vDfact,2,1,-45243.2,49424.2,988.5,5.0,0.0,0.0,5.0,4181.0,0.1,20274832.0
10,0.25,vDfact,3,1,-45243.2,49424.2,988.5,5.0,0.0,0.0,5.0,4181.0,0.1,20252960.0
10,0.25,vDfact,4,1,-45243.2,49424.2,988.5,5.0,0.0,0.0,5.0,4181.0,0.1,20226377.0
10,0.25,vmin,0.05,1,-45335.2,48679.2,973.6,4.0,0.0,0.0,4.0,3344.0,0.1,20041903.0
10,0.25,vmin,0.1,1,-45243.2,49424.2,988.5,5.0,0.0,0.0,5.0,4181.0,0.1,20243064.0
10,0.25,vmin,0.25,1,-44741.8,49917.8,998.4,6.0,0.0,0.0,6.0,5176.0,0.1,20300618.0
10,0.25,vmin,0.5,1,-43275.3,50298.3,1006.0,8.0,0.0,0.0,8.0,7023.0,0.1,20151542.0
10,0.25,vmin,0.9,1,-39610.8,48183.8,963.7,10.0,0.0,0.0,10.0,8573.0,0.1,19971243.0
10,0.5,R,1,1,7507.2,1065.8,1065.8,8.0,2.0,2.0,10.0,8573.0,0.7,17316452.0
10,0.5,R,100,1,-85876.6,88339.6,883.4,2.0,1.0,2.0,3.0,2463.0,0.1,17705552.0
10,0.5,R,12.5,1,-4749.1,13322.1,1065.8,8.0,2.0,2.0,10.0,8573.0,0.1,17419397.0
10,0.5,R,200,1,-173571.8,175077.8,875.4,1.0,1.0,2.0,2.0,1506.0,1.5,17880830.0
10,0.5,R,25,1,-17585.5,24608.5,984.3,6.0,2.0,2.0,8.0,7023.0,0.1,17308710.0
10,0.5,R,50,1,-41253.2,45580.2,911.6,3.0,2.0,2.0,5.0,4327.0,0.1,17350524.0
10,0.5,Wcap,0.25,1,-42689.2,44195.2,883.9,1.0,1.0,2.0,2.0,1506.0,0.1,17993374.0
10,0.5,Wcap,0.5,1,-42297.2,44760.2,895.2,2.0,1.0,2.0,3.0,2463.0,0.4,17697975.0
10,0.5,Wcap,1,1,-41253.2,45580.2,911.6,3.0,2.0,2.0,5.0,4327.0,0.1,17407479.0
10,0.5,Wcap,2,1,-39014.9,46863.9,937.3,7.0,2.0,2.0,9.0,7849.0,0.7,17338281.0
10,0.5,Wcap,4,1,-36968.2,45541.2,910.8,8.0,2.0,2.0,10.0,8573.0,1.1,17452045.0
10,0.5,baseline,-,1,-41253.2,45580.2,911.6,3.0,2.0,2.0,5.0,4327.0,0.1,17570123.0
10,0.5,vDfact,0.5,1,-43646.0,47827.0,956.5,4.0,1.0,1.0,5.0,4181.0,0.9,18839865.0
10,0.5,vDfact,1,1,-42123.0,48168.0,963.4,5.0,2.0,2.0,7.0,6045.0,0.1,17807158.0
10,0.5,vDfact,2,1,-41253.2,45580.2,911.6,3.0,2.0,2.0,5.0,4327.0,0.1,17542784.0
10,0.5,vDfact,3,1,-41253.2,45580.2,911.6,3.0,2.0,2.0,5.0,4327.0,0.1,17621723.0
10,0.5,vDfact,4,1,-41253.2,45580.2,911.6,3.0,2.0,2.0,5.0,4327.0,0.1,17385865.0
10,0.5,vmin,0.05,1,-41376.2,45703.2,914.1,3.0,2.0,2.0,5.0,4327.0,0.4,17616604.0
10,0.5,vmin,0.1,1,-41253.2,45580.2,911.6,3.0,2.0,2.0,5.0,4327.0,0.1,17755630.0
10,0.5,vmin,0.25,1,-40806.4,45970.4,919.4,4.0,2.0,2.0,6.0,5164.0,0.9,17523561.0
10,0.5,vmin,0.5,1,-39387.8,46410.8,928.2,6.0,2.0,2.0,8.0,7023.0,0.9,17442251.0
10,0.5,vmin,0.9,1,-35886.4,44459.4,889.2,8.0,2.0,2.0,10.0,8573.0,0.1,17680650.0
10,0.75,R,1,1,7683.1,889.9,889.9,5.0,5.0,5.0,10.0,8573.0,0.2,14865973.0
10,0.75,R,100,1,-74247.0,77591.0,775.9,2.0,2.0,4.0,4.0,3344.0,0.8,14279407.0
10,0.75,R,12.5,1,-2550.3,11123.3,889.9,5.0,5.0,5.0,10.0,8573.0,0.2,13999652.0
10,0.75,R,200,1,-151407.0,153870.0,769.4,1.0,2.0,4.0,3.0,2463.0,1.5,14426316.0
10,0.75,R,25,1,-13619.8,21468.8,858.8,4.0,5.0,5.0,9.0,7849.0,0.2,13887111.0
10,0.75,R,50,1,-34623.1,40668.1,813.4,4.0,3.0,4.0,7.0,6045.0,0.1,14036887.0
10,0.75,Wcap,0.25,1,-36986.6,38787.6,775.8,0.0,2.0,4.0,2.0,1801.0,0.1,14860513.0
10,0.75,Wcap,0.5,1,-36193.5,39537.5,790.7,2.0,2.0,4.0,4.0,3344.0,0.1,14248676.0
10,0.75,Wcap,1,1,-34623.1,40668.1,813.4,4.0,3.0,4.0,7.0,6045.0,0.1,14252842.0
10,0.75,Wcap,2,1,-32506.3,41079.3,821.6,6.0,4.0,4.0,10.0,8573.0,0.1,14079096.0
10,0.75,Wcap,4,1,-30975.2,39548.2,791.0,6.0,4.0,4.0,10.0,8573.0,2.5,14444983.0
10,0.75,baseline,-,1,-34623.1,40668.1,813.4,4.0,3.0,4.0,7.0,6045.0,0.1,13932030.0
10,0.75,vDfact,0.5,1,-41515.1,46061.1,921.2,4.0,1.0,2.0,5.0,4546.0,2.2,18942179.0
10,0.75,vDfact,1,1,-38215.1,46064.1,921.3,5.0,4.0,4.0,9.0,7849.0,2.5,15955204.0
10,0.75,vDfact,2,1,-34623.1,40668.1,813.4,4.0,3.0,4.0,7.0,6045.0,0.1,14110907.0
10,0.75,vDfact,3,1,-33876.9,39040.9,780.8,3.0,3.0,4.0,6.0,5164.0,7.4,13691915.0
10,0.75,vDfact,4,1,-33876.9,39040.9,780.8,3.0,3.0,4.0,6.0,5164.0,20.7,13760590.0
10,0.75,vmin,0.05,1,-34792.2,40837.2,816.7,4.0,3.0,4.0,7.0,6045.0,0.2,14121752.0
10,0.75,vmin,0.1,1,-34623.1,40668.1,813.4,4.0,3.0,4.0,7.0,6045.0,0.1,14267529.0
10,0.75,vmin,0.25,1,-34115.3,41138.3,822.8,5.0,3.0,4.0,8.0,7023.0,0.2,13995571.0
10,0.75,vmin,0.5,1,-32808.4,40657.4,813.1,5.0,4.0,4.0,9.0,7849.0,0.5,14314926.0
10,0.75,vmin,0.9,1,-30206.1,38779.1,775.6,6.0,4.0,4.0,10.0,8573.0,0.5,14381002.0
10,1.0,R,1,1,7801.9,771.1,771.1,5.0,5.0,5.0,10.0,8573.0,1.9,14268302.0
10,1.0,R,100,1,-66000.1,71201.1,712.0,3.0,3.0,5.0,6.0,5201.0,12.7,13824876.0
10,1.0,R,12.5,1,-1065.8,9638.8,771.1,5.0,5.0,5.0,10.0,8573.0,2.9,13693798.0
10,1.0,R,200,1,-134992.3,136611.3,683.1,1.0,1.0,5.0,2.0,1619.0,5.4,13991375.0
10,1.0,R,25,1,-10704.6,19277.6,771.1,5.0,5.0,5.0,10.0,8573.0,0.1,13431027.0
10,1.0,R,50,1,-29669.8,37518.8,750.4,4.0,5.0,5.0,9.0,7849.0,5.0,13886470.0
10,1.0,Wcap,0.25,1,-32989.5,34608.5,692.2,1.0,1.0,5.0,2.0,1619.0,0.2,14441865.0
10,1.0,Wcap,0.5,1,-32305.0,35800.0,716.0,2.0,2.0,5.0,4.0,3495.0,5.4,14132141.0
10,1.0,Wcap,1,1,-29669.8,37518.8,750.4,4.0,5.0,5.0,9.0,7849.0,5.1,13829897.0
10,1.0,Wcap,2,1,-27765.4,36338.4,726.8,5.0,5.0,5.0,10.0,8573.0,0.5,13741980.0
10,1.0,Wcap,4,1,-26526.3,35099.3,702.0,5.0,5.0,5.0,10.0,8573.0,1.9,14038295.0
10,1.0,baseline,-,1,-29669.8,37518.8,750.4,4.0,5.0,5.0,9.0,7849.0,5.0,13948944.0
10,1.0,vDfact,0.5,1,-40142.3,45318.3,906.4,5.0,1.0,1.0,6.0,5176.0,0.4,19086498.0
10,1.0,vDfact,1,1,-36643.8,43666.8,873.3,5.0,3.0,4.0,8.0,7023.0,12.3,16524716.0
10,1.0,vDfact,2,1,-29669.8,37518.8,750.4,4.0,5.0,5.0,9.0,7849.0,5.0,13948963.0
10,1.0,vDfact,3,1,-28486.2,34628.2,692.6,4.0,3.0,5.0,7.0,6142.0,1.9,13532331.0
10,1.0,vDfact,4,1,-28376.3,33540.3,670.8,3.0,3.0,5.0,6.0,5164.0,25.8,13480305.0
10,1.0,vmin,0.05,1,-29825.5,37674.5,753.5,4.0,5.0,5.0,9.0,7849.0,2.2,13861506.0
10,1.0,vmin,0.1,1,-29669.8,37518.8,750.4,4.0,5.0,5.0,9.0,7849.0,4.9,13943807.0
10,1.0,vmin,0.25,1,-29193.3,37766.3,755.3,5.0,5.0,5.0,10.0,8573.0,0.5,14017096.0
10,1.0,vmin,0.5,1,-28067.7,36640.7,732.8,5.0,5.0,5.0,10.0,8573.0,1.9,13421203.0
10,1.0,vmin,0.9,1,-25911.6,34484.6,689.7,5.0,5.0,5.0,10.0,8573.0,0.2,13818262.0
20,0.25,R,1,1,16038.6,1484.4,1484.4,14.0,6.0,6.0,20.0,17523.0,1.4,29965385.0
20,0.25,R,100,1,-121756.6,132900.6,1329.0,8.0,5.0,6.0,13.0,11144.0,7.3,30730675.0
20,0.25,R,12.5,1,-1032.5,18555.5,1484.4,14.0,6.0,6.0,20.0,17523.0,5.1,29740514.0
20,0.25,R,200,1,-252461.5,258428.5,1292.1,5.0,2.0,6.0,7.0,5967.0,3.0,31097843.0
20,0.25,R,25,1,-19588.0,37111.0,1484.4,14.0,6.0,6.0,20.0,17523.0,2.9,29170385.0
20,0.25,R,50,1,-54904.8,67878.8,1357.6,10.0,5.0,6.0,15.0,12974.0,5.2,30233417.0
20,0.25,Wcap,0.25,1,-60190.2,65315.2,1306.3,4.0,2.0,6.0,6.0,5125.0,10.6,31275869.0
20,0.25,Wcap,0.5,1,-58308.5,67714.5,1354.3,6.0,5.0,6.0,11.0,9406.0,3.4,30606020.0
20,0.25,Wcap,1,1,-54904.8,67878.8,1357.6,10.0,5.0,6.0,15.0,12974.0,5.2,29581011.0
20,0.25,Wcap,2,1,-50977.5,68500.5,1370.0,14.0,6.0,6.0,20.0,17523.0,2.2,30040216.0
20,0.25,Wcap,4,1,-48671.3,66194.3,1323.9,14.0,6.0,6.0,20.0,17523.0,53.7,30614653.0
20,0.25,baseline,-,1,-54904.8,67878.8,1357.6,10.0,5.0,6.0,15.0,12974.0,5.2,30051621.0
20,0.25,vDfact,0.5,1,-60871.7,72217.7,1444.4,12.0,1.0,1.0,13.0,11346.0,1.8,34324026.0
20,0.25,vDfact,1,1,-58262.6,72222.6,1444.5,11.0,5.0,6.0,16.0,13960.0,5.1,32363155.0
20,0.25,vDfact,2,1,-54904.8,67878.8,1357.6,10.0,5.0,6.0,15.0,12974.0,5.2,30021047.0
20,0.25,vDfact,3,1,-54738.1,67712.1,1354.2,10.0,5.0,6.0,15.0,12974.0,8.2,29935625.0
20,0.25,vDfact,4,1,-54738.1,67712.1,1354.2,10.0,5.0,6.0,15.0,12974.0,30.8,29681637.0
20,0.25,vmin,0.05,1,-55160.6,68134.6,1362.7,10.0,5.0,6.0,15.0,12974.0,4.5,29573606.0
20,0.25,vmin,0.1,1,-54904.8,67878.8,1357.6,10.0,5.0,6.0,15.0,12974.0,5.2,30245313.0
20,0.25,vmin,0.25,1,-54042.1,68002.1,1360.0,11.0,5.0,6.0,16.0,13960.0,12.8,30049189.0
20,0.25,vmin,0.5,1,-51527.6,69050.6,1381.0,14.0,6.0,6.0,20.0,17523.0,37.1,29028140.0
20,0.25,vmin,0.9,1,-47495.4,65018.4,1300.4,14.0,6.0,6.0,20.0,17523.0,7.5,30249128.0
20,0.5,R,1,1,16178.5,1344.5,1344.5,12.0,8.0,8.0,20.0,17523.0,300.1,27309490.0
20,0.5,R,100,1,-109363.9,119769.9,1197.7,7.0,5.0,8.0,12.0,10406.0,123.4,27591754.0
20,0.5,R,12.5,1,717.1,16805.9,1344.5,12.0,8.0,8.0,20.0,17523.0,64.8,26593859.0
20,0.5,R,200,1,-228060.7,235858.7,1179.3,5.0,4.0,8.0,9.0,7798.0,86.7,27504628.0
20,0.5,R,25,1,-16088.8,33611.8,1344.5,12.0,8.0,8.0,20.0,17523.0,300.1,26738361.0
20,0.5,R,50,1,-48705.0,62863.0,1257.3,9.0,7.0,8.0,16.0,14158.0,300.1,27202325.0
20,0.5,Wcap,0.25,1,-54194.7,59526.7,1190.5,3.0,3.0,8.0,6.0,5332.0,116.3,28081785.0
20,0.5,Wcap,0.5,1,-52491.3,62297.3,1245.9,6.0,5.0,8.0,11.0,9806.0,284.2,27270051.0
20,0.5,Wcap,1,1,-48705.0,62863.0,1257.3,9.0,7.0,8.0,16.0,14158.0,300.1,27118976.0
20,0.5,Wcap,2,1,-44931.5,62454.5,1249.1,12.0,8.0,8.0,20.0,17523.0,194.1,26836715.0
20,0.5,Wcap,4,1,-42787.5,60310.5,1206.2,12.0,8.0,8.0,20.0,17523.0,151.7,26477151.0
20,0.5,baseline,-,1,-48705.0,62863.0,1257.3,9.0,7.0,8.0,16.0,14158.0,300.1,27160302.0
20,0.5,vDfact,0.5,1,-57579.9,69911.9,1398.2,11.0,3.0,3.0,14.0,12332.0,200.2,33075789.0
20,0.5,vDfact,1,1,-52122.5,65340.5,1306.8,10.0,5.0,6.0,15.0,13218.0,138.2,30194050.0
20,0.5,vDfact,2,1,-48705.0,62863.0,1257.3,9.0,7.0,8.0,16.0,14158.0,300.1,27125616.0
20,0.5,vDfact,3,1,-47410.5,62250.5,1245.0,9.0,8.0,8.0,17.0,14840.0,300.1,26864781.0
20,0.5,vDfact,4,1,-45269.7,61140.7,1222.8,10.0,8.0,9.0,18.0,15871.0,300.1,26313431.0
20,0.5,vmin,0.05,1,-48975.9,62193.9,1243.9,9.0,6.0,8.0,15.0,13218.0,300.1,26941551.0
20,0.5,vmin,0.1,1,-48705.0,62863.0,1257.3,9.0,7.0,8.0,16.0,14158.0,300.1,26999297.0
20,0.5,vmin,0.25,1,-47825.3,63696.3,1273.9,11.0,7.0,8.0,18.0,15871.0,205.8,26716318.0
20,0.5,vmin,0.5,1,-45440.5,62963.5,1259.3,12.0,8.0,8.0,20.0,17523.0,18.2,26768507.0
20,0.5,vmin,0.9,1,-41635.7,59158.7,1183.2,13.0,7.0,7.0,20.0,17523.0,3.5,26400622.0
20,0.75,R,1,1,16591.5,931.5,931.5,11.0,9.0,9.0,20.0,17523.0,92.7,26915515.0
20,0.75,R,100,1,-73888.2,84382.2,843.8,6.0,6.0,9.0,12.0,10494.0,153.7,25412002.0
20,0.75,R,12.5,1,5914.2,11608.8,928.7,11.0,9.0,9.0,20.0,17523.0,188.9,25214066.0
20,0.75,R,200,1,-157952.4,167548.4,837.7,6.0,5.0,9.0,11.0,9596.0,8.0,25731525.0
20,0.75,R,25,1,-5764.0,23287.0,931.5,11.0,9.0,9.0,20.0,17523.0,300.3,25252310.0
20,0.75,R,50,1,-29438.9,46961.9,939.2,11.0,9.0,9.0,20.0,17523.0,300.3,25216543.0
20,0.75,Wcap,0.25,1,-36934.1,42993.1,859.9,4.0,3.0,9.0,7.0,6059.0,29.2,26244243.0
20,0.75,Wcap,0.5,1,-34388.0,43984.0,879.7,6.0,5.0,9.0,11.0,9596.0,300.3,25689573.0
20,0.75,Wcap,1,1,-29438.9,46961.9,939.2,11.0,9.0,9.0,20.0,17523.0,300.3,25181616.0
20,0.75,Wcap,2,1,-25730.2,43253.2,865.1,11.0,9.0,9.0,20.0,17523.0,132.6,24908164.0
20,0.75,Wcap,4,1,-24600.6,42123.6,842.5,11.0,9.0,9.0,20.0,17523.0,266.5,25168296.0
20,0.75,baseline,-,1,-29438.9,46961.9,939.2,11.0,9.0,9.0,20.0,17523.0,300.3,25268596.0
20,0.75,vDfact,0.5,1,-50335.9,63253.9,1265.1,13.0,2.0,2.0,15.0,12918.0,21.1,33529891.0
20,0.75,vDfact,1,1,-47050.4,64573.4,1291.5,15.0,5.0,5.0,20.0,17523.0,190.0,29722421.0
20,0.75,vDfact,2,1,-29438.9,46961.9,939.2,11.0,9.0,9.0,20.0,17523.0,300.3,25112198.0
20,0.75,vDfact,3,1,-24856.7,42379.7,847.6,11.0,9.0,9.0,20.0,17523.0,231.1,24485456.0
20,0.75,vDfact,4,1,-22123.7,39646.7,792.9,10.0,10.0,10.0,20.0,17523.0,300.1,24178177.0
20,0.75,vmin,0.05,1,-29434.0,46957.0,939.1,11.0,9.0,9.0,20.0,17523.0,300.3,25673239.0
20,0.75,vmin,0.1,1,-29438.9,46961.9,939.2,11.0,9.0,9.0,20.0,17523.0,300.3,25314232.0
20,0.75,vmin,0.25,1,-28361.0,45884.0,917.7,11.0,9.0,9.0,20.0,17523.0,144.2,25393535.0
20,0.75,vmin,0.5,1,-26669.0,44192.0,883.8,11.0,9.0,9.0,20.0,17523.0,93.3,25641813.0
20,0.75,vmin,0.9,1,-24118.3,41641.3,832.8,11.0,9.0,9.0,20.0,17523.0,300.4,25611507.0
20,1.0,R,1,1,16614.8,908.2,908.2,13.0,7.0,7.0,20.0,17523.0,57.4,27300589.0
20,1.0,R,100,1,-71779.8,83267.8,832.7,8.0,5.0,7.0,13.0,11488.0,300.3,26722671.0
20,1.0,R,12.5,1,6170.3,11352.7,908.2,13.0,7.0,7.0,20.0,17523.0,17.3,26443582.0
20,1.0,R,200,1,-152518.1,159653.1,798.3,4.0,4.0,6.0,8.0,7135.0,86.8,26900897.0
20,1.0,R,25,1,-5215.0,22738.0,909.5,14.0,6.0,6.0,20.0,17523.0,16.1,26591405.0
20,1.0,R,50,1,-27953.1,45476.1,909.5,14.0,6.0,6.0,20.0,17523.0,139.7,25689643.0
20,1.0,Wcap,0.25,1,-36101.4,41276.4,825.5,4.0,2.0,7.0,6.0,5175.0,120.2,27276528.0
20,1.0,Wcap,0.5,1,-33178.2,43854.2,877.1,8.0,4.0,6.0,12.0,10676.0,178.0,26794058.0
20,1.0,Wcap,1,1,-27953.1,45476.1,909.5,14.0,6.0,6.0,20.0,17523.0,140.6,25825260.0
20,1.0,Wcap,2,1,-24028.5,41551.5,831.0,14.0,6.0,6.0,20.0,17523.0,300.1,26609925.0
20,1.0,Wcap,4,1,-23145.2,40668.2,813.4,14.0,6.0,6.0,20.0,17523.0,265.7,26768815.0
20,1.0,baseline,-,1,-27953.1,45476.1,909.5,14.0,6.0,6.0,20.0,17523.0,137.8,26185187.0
20,1.0,vDfact,0.5,1,-48907.7,62779.7,1255.6,13.0,3.0,3.0,16.0,13872.0,28.2,34185361.0
20,1.0,vDfact,1,1,-41574.5,57344.5,1146.9,13.0,5.0,5.0,18.0,15770.0,298.2,31061062.0
20,1.0,vDfact,2,1,-27953.1,45476.1,909.5,14.0,6.0,6.0,20.0,17523.0,140.6,25532582.0
20,1.0,vDfact,3,1,-22423.2,39946.2,798.9,10.0,10.0,10.0,20.0,17523.0,300.1,24489394.0
20,1.0,vDfact,4,1,-18461.4,35984.4,719.7,10.0,10.0,10.0,20.0,17523.0,300.1,23544695.0
20,1.0,vmin,0.05,1,-28415.0,45066.0,901.3,13.0,6.0,6.0,19.0,16651.0,223.4,25814738.0
20,1.0,vmin,0.1,1,-27953.1,45476.1,909.5,14.0,6.0,6.0,20.0,17523.0,139.8,25708171.0
20,1.0,vmin,0.25,1,-26565.9,44088.9,881.8,13.0,7.0,7.0,20.0,17523.0,76.0,25782269.0
20,1.0,vmin,0.5,1,-25097.1,42620.1,852.4,13.0,7.0,7.0,20.0,17523.0,237.0,26853919.0
20,1.0,vmin,0.9,1,-22308.2,39831.2,796.6,14.0,6.0,6.0,20.0,17523.0,142.5,26739487.0
30,0.25,R,1,1,23625.6,1597.4,1597.4,20.0,10.0,10.0,30.0,25223.0,378.7,35502910.0
30,0.25,R,100,1,-121737.5,133026.5,1330.3,9.0,4.0,8.0,13.0,11289.0,33.5,34039158.0
30,0.25,R,12.5,1,5433.6,19789.4,1583.1,21.0,9.0,9.0,30.0,25223.0,450.5,33927599.0
30,0.25,R,200,1,-252595.7,258800.7,1294.0,5.0,2.0,8.0,7.0,6205.0,300.0,35150083.0
30,0.25,R,25,1,-14731.0,39399.0,1576.0,21.0,8.0,8.0,29.0,24668.0,450.3,33949795.0
30,0.25,R,50,1,-52773.7,74198.7,1484.0,18.0,7.0,9.0,25.0,21425.0,450.3,34753946.0
30,0.25,Wcap,0.25,1,-61342.7,68101.7,1362.0,5.0,3.0,9.0,8.0,6759.0,277.4,35474177.0
30,0.25,Wcap,0.5,1,-57732.0,69021.0,1380.4,7.0,6.0,10.0,13.0,11289.0,26.5,35071267.0
30,0.25,Wcap,1,1,-52773.7,74198.7,1484.0,18.0,7.0,9.0,25.0,21425.0,450.3,34302866.0
30,0.25,Wcap,2,1,-45293.1,70516.1,1410.3,22.0,8.0,8.0,30.0,25223.0,450.2,33233471.0
30,0.25,Wcap,4,1,-41806.5,67029.5,1340.6,22.0,8.0,8.0,30.0,25223.0,450.2,34006877.0
30,0.25,baseline,-,1,-52773.7,74198.7,1484.0,18.0,7.0,9.0,25.0,21425.0,450.3,34939739.0
30,0.25,vDfact,0.5,1,-59666.2,78373.2,1567.5,20.0,2.0,3.0,22.0,18707.0,82.2,39263837.0
30,0.25,vDfact,1,1,-57224.1,77887.1,1557.7,18.0,6.0,8.0,24.0,20663.0,450.3,36544906.0
30,0.25,vDfact,2,1,-52773.7,74198.7,1484.0,18.0,7.0,9.0,25.0,21425.0,450.3,34638759.0
30,0.25,vDfact,3,1,-51843.4,73268.4,1465.4,18.0,7.0,9.0,25.0,21425.0,450.4,35092851.0
30,0.25,vDfact,4,1,-51351.7,72776.7,1455.5,17.0,8.0,10.0,25.0,21425.0,450.4,34390333.0
30,0.25,vmin,0.05,1,-54348.3,74796.3,1495.9,15.0,9.0,11.0,24.0,20448.0,324.0,34743828.0
30,0.25,vmin,0.1,1,-52773.7,74198.7,1484.0,18.0,7.0,9.0,25.0,21425.0,450.3,35388895.0
30,0.25,vmin,0.25,1,-50024.5,73353.5,1467.1,21.0,6.0,8.0,27.0,23329.0,391.4,34990856.0
30,0.25,vmin,0.5,1,-46133.5,70801.5,1416.0,21.0,8.0,8.0,29.0,24668.0,47.2,34769342.0
30,0.25,vmin,0.9,1,-40244.5,65467.5,1309.4,21.0,9.0,9.0,30.0,25223.0,325.5,33984309.0
30,0.5,R,1,1,24008.6,1214.4,1214.4,18.0,12.0,12.0,30.0,25223.0,450.2,30872879.0
30,0.5,R,100,1,-95132.1,114450.1,1144.5,13.0,10.0,13.0,23.0,19318.0,55.3,30740112.0
30,0.5,R,12.5,1,10067.2,15155.8,1212.5,19.0,11.0,11.0,30.0,25223.0,450.2,30060658.0
30,0.5,R,200,1,-204751.5,216860.5,1084.3,8.0,6.0,13.0,14.0,12109.0,405.6,30690428.0
30,0.5,R,25,1,-5437.0,30660.0,1226.4,17.0,13.0,13.0,30.0,25223.0,333.0,29446898.0
30,0.5,R,50,1,-36714.6,61206.6,1224.1,16.0,13.0,13.0,29.0,24492.0,104.5,30146629.0
30,0.5,Wcap,0.25,1,-47726.2,54929.2,1098.6,4.0,4.0,11.0,8.0,7203.0,446.8,30700081.0
30,0.5,Wcap,0.5,1,-43909.5,59224.5,1184.5,11.0,7.0,13.0,18.0,15315.0,87.3,30384755.0
30,0.5,Wcap,1,1,-36714.6,61206.6,1224.1,16.0,13.0,13.0,29.0,24492.0,106.4,29687084.0
30,0.5,Wcap,2,1,-30232.9,55455.9,1109.1,17.0,13.0,13.0,30.0,25223.0,450.0,29585494.0
30,0.5,Wcap,4,1,-28841.6,54064.6,1081.3,17.0,13.0,13.0,30.0,25223.0,248.3,29986344.0
30,0.5,baseline,-,1,-36714.6,61206.6,1224.1,16.0,13.0,13.0,29.0,24492.0,105.1,30029847.0
30,0.5,vDfact,0.5,1,-55512.0,74567.0,1491.3,18.0,4.0,4.0,22.0,19055.0,317.9,36500344.0
30,0.5,vDfact,1,1,-47022.8,69973.8,1399.5,20.0,7.0,8.0,27.0,22951.0,450.7,33965301.0
30,0.5,vDfact,2,1,-36714.6,61206.6,1224.1,16.0,13.0,13.0,29.0,24492.0,105.2,30053116.0
30,0.5,vDfact,3,1,-33952.1,58444.1,1168.9,15.0,14.0,14.0,29.0,24492.0,365.9,29691596.0
30,0.5,vDfact,4,1,-32380.7,56872.7,1137.5,15.0,14.0,14.0,29.0,24492.0,164.8,28776955.0
30,0.5,vmin,0.05,1,-36954.9,60913.9,1218.3,18.0,10.0,11.0,28.0,23959.0,172.0,30099537.0
30,0.5,vmin,0.1,1,-36714.6,61206.6,1224.1,16.0,13.0,13.0,29.0,24492.0,105.9,29664560.0
30,0.5,vmin,0.25,1,-34445.4,59668.4,1193.4,17.0,13.0,13.0,30.0,25223.0,230.1,30002840.0
30,0.5,vmin,0.5,1,-32142.3,57365.3,1147.3,17.0,13.0,13.0,30.0,25223.0,349.8,29963154.0
30,0.5,vmin,0.9,1,-27826.6,53049.6,1061.0,19.0,11.0,11.0,30.0,25223.0,450.1,29859357.0
30,0.75,R,1,1,24120.9,1102.1,1102.1,17.0,13.0,13.0,30.0,25223.0,450.0,30618588.0
30,0.75,R,100,1,-84070.5,102277.5,1022.8,14.0,7.0,12.0,21.0,18207.0,345.6,30021159.0
30,0.75,R,12.5,1,11033.3,14189.7,1135.2,17.0,13.0,13.0,30.0,25223.0,327.2,28455788.0
30,0.75,R,200,1,-185759.4,195115.4,975.6,7.0,4.0,12.0,11.0,9356.0,450.6,30896494.0
30,0.75,R,25,1,-2523.6,27746.6,1109.9,18.0,12.0,12.0,30.0,25223.0,450.4,29595570.0
30,0.75,R,50,1,-30403.5,55071.5,1101.4,18.0,11.0,11.0,29.0,24668.0,450.2,30026872.0
30,0.75,Wcap,0.25,1,-42920.4,50702.4,1014.0,6.0,3.0,11.0,9.0,7782.0,450.3,30840734.0
30,0.75,Wcap,0.5,1,-39179.8,56227.8,1124.6,10.0,10.0,14.0,20.0,17048.0,450.0,30630640.0
30,0.75,Wcap,1,1,-30403.5,55071.5,1101.4,18.0,11.0,11.0,29.0,24668.0,450.2,30099731.0
30,0.75,Wcap,2,1,-26004.1,51227.1,1024.5,18.0,12.0,12.0,30.0,25223.0,450.6,30211489.0
30,0.75,Wcap,4,1,-24525.4,49748.4,995.0,18.0,12.0,12.0,30.0,25223.0,450.7,30209122.0
30,0.75,baseline,-,1,-30403.5,55071.5,1101.4,18.0,11.0,11.0,29.0,24668.0,450.2,29920902.0
30,0.75,vDfact,0.5,1,-54492.3,73458.3,1469.2,19.0,3.0,4.0,22.0,18966.0,407.2,38227076.0
30,0.75,vDfact,1,1,-44406.2,67810.2,1356.2,20.0,7.0,7.0,27.0,23404.0,450.6,33420608.0
30,0.75,vDfact,2,1,-30403.5,55071.5,1101.4,18.0,11.0,11.0,29.0,24668.0,450.2,30026367.0
30,0.75,vDfact,3,1,-24689.2,49357.2,987.1,15.0,14.0,15.0,29.0,24668.0,355.3,28720337.0
30,0.75,vDfact,4,1,-23681.5,48904.5,978.1,15.0,15.0,15.0,30.0,25223.0,350.2,28453833.0
30,0.75,vmin,0.05,1,-32165.6,57388.6,1147.8,19.0,11.0,11.0,30.0,25223.0,450.2,29947426.0
30,0.75,vmin,0.1,1,-30403.5,55071.5,1101.4,18.0,11.0,11.0,29.0,24668.0,450.2,30015225.0
30,0.75,vmin,0.25,1,-27580.3,52803.3,1056.1,18.0,12.0,12.0,30.0,25223.0,450.6,30049622.0
30,0.75,vmin,0.5,1,-26650.5,51873.5,1037.5,18.0,12.0,12.0,30.0,25223.0,451.3,30189304.0
30,0.75,vmin,0.9,1,-23022.0,48245.0,964.9,20.0,10.0,10.0,30.0,25223.0,450.1,30155058.0
30,1.0,R,1,1,24125.4,1097.6,1097.6,18.0,12.0,12.0,30.0,25223.0,450.9,31297997.0
30,1.0,R,100,1,-81266.5,99251.5,992.5,13.0,8.0,12.0,21.0,17985.0,450.8,30481297.0
30,1.0,R,12.5,1,11771.4,13451.6,1076.1,15.0,15.0,15.0,30.0,25223.0,16.3,29877333.0
30,1.0,R,200,1,-171995.6,182365.6,911.8,7.0,5.0,12.0,12.0,10370.0,451.2,30951398.0
30,1.0,R,25,1,-2117.7,27340.7,1093.6,16.0,14.0,14.0,30.0,25223.0,271.1,29525901.0
30,1.0,R,50,1,-29843.0,55066.0,1101.3,16.0,14.0,14.0,30.0,25223.0,116.0,29985114.0
30,1.0,Wcap,0.25,1,-40456.7,48146.7,962.9,4.0,5.0,11.0,9.0,7690.0,450.4,31036713.0
30,1.0,Wcap,0.5,1,-37594.2,53423.2,1068.5,10.0,8.0,13.0,18.0,15829.0,248.2,30309501.0
30,1.0,Wcap,1,1,-29843.0,55066.0,1101.3,16.0,14.0,14.0,30.0,25223.0,115.5,30140978.0
30,1.0,Wcap,2,1,-22465.9,47688.9,953.8,18.0,12.0,12.0,30.0,25223.0,451.0,30300200.0
30,1.0,Wcap,4,1,-21816.2,47039.2,940.8,20.0,10.0,10.0,30.0,25223.0,450.2,30417809.0
30,1.0,baseline,-,1,-29843.0,55066.0,1101.3,16.0,14.0,14.0,30.0,25223.0,114.3,30508638.0
30,1.0,vDfact,0.5,1,-51687.3,73245.3,1464.9,23.0,2.0,3.0,25.0,21558.0,4.0,38715942.0
30,1.0,vDfact,1,1,-40681.4,64560.4,1291.2,22.0,6.0,7.0,28.0,23879.0,451.2,33779258.0
30,1.0,vDfact,2,1,-29843.0,55066.0,1101.3,16.0,14.0,14.0,30.0,25223.0,114.2,30536460.0
30,1.0,vDfact,3,1,-23335.6,48025.6,960.5,16.0,13.0,14.0,29.0,24690.0,395.4,28658166.0
30,1.0,vDfact,4,1,-21825.9,47048.9,941.0,15.0,15.0,15.0,30.0,25223.0,226.3,27829734.0
30,1.0,vmin,0.05,1,-30050.4,53829.4,1076.6,17.0,11.0,11.0,28.0,23779.0,450.4,29994647.0
30,1.0,vmin,0.1,1,-29843.0,55066.0,1101.3,16.0,14.0,14.0,30.0,25223.0,115.4,30198798.0
30,1.0,vmin,0.25,1,-27836.4,53059.4,1061.2,18.0,12.0,12.0,30.0,25223.0,450.8,30108576.0
30,1.0,vmin,0.5,1,-24665.4,49888.4,997.8,18.0,12.0,12.0,30.0,25223.0,450.8,30039163.0
30,1.0,vmin,0.9,1,-21010.0,46233.0,924.7,19.0,11.0,11.0,30.0,25223.0,450.5,30387775.0
40,0.25,R,1,1,32841.8,1576.2,1576.2,25.0,15.0,15.0,40.0,34418.0,335.8,38533409.0
40,0.25,R,100,1,-115853.4,139182.4,1391.8,18.0,8.0,15.0,26.0,23329.0,18.7,38864255.0
40,0.25,R,12.5,1,14819.0,19599.0,1567.9,25.0,15.0,15.0,40.0,34418.0,452.3,37728967.0
40,0.25,R,200,1,-249112.6,261555.6,1307.8,9.0,5.0,15.0,14.0,12443.0,461.9,39191416.0
40,0.25,R,25,1,-5074.1,39492.1,1579.7,26.0,14.0,14.0,40.0,34418.0,46.8,37494572.0
40,0.25,R,50,1,-43626.3,75418.3,1508.4,24.0,12.0,14.0,36.0,31792.0,261.8,37755918.0
40,0.25,Wcap,0.25,1,-59327.6,67967.6,1359.4,6.0,4.0,13.0,10.0,8640.0,470.3,39672782.0
40,0.25,Wcap,0.5,1,-53548.5,71342.5,1426.9,13.0,7.0,15.0,20.0,17794.0,600.1,39011016.0
40,0.25,Wcap,1,1,-43626.3,75418.3,1508.4,24.0,12.0,14.0,36.0,31792.0,257.6,38225148.0
40,0.25,Wcap,2,1,-35160.4,69578.4,1391.6,26.0,14.0,14.0,40.0,34418.0,186.1,37933091.0
40,0.25,Wcap,4,1,-32274.2,66692.2,1333.8,25.0,15.0,15.0,40.0,34418.0,113.8,37352393.0
40,0.25,baseline,-,1,-43626.3,75418.3,1508.4,24.0,12.0,14.0,36.0,31792.0,260.7,37780940.0
40,0.25,vDfact,0.5,1,-55519.6,87719.6,1754.4,34.0,3.0,4.0,37.0,32200.0,82.1,44728962.0
40,0.25,vDfact,1,1,-49771.3,81971.3,1639.4,26.0,11.0,12.0,37.0,32200.0,600.1,39798154.0
40,0.25,vDfact,2,1,-43626.3,75418.3,1508.4,24.0,12.0,14.0,36.0,31792.0,259.9,37945073.0
40,0.25,vDfact,3,1,-42678.7,74516.7,1490.3,22.0,14.0,16.0,36.0,31838.0,480.4,37799450.0
40,0.25,vDfact,4,1,-42389.0,74227.0,1484.5,22.0,14.0,16.0,36.0,31838.0,51.0,37778046.0
40,0.25,vmin,0.05,1,-45031.6,76063.6,1521.3,24.0,11.0,15.0,35.0,31032.0,408.0,37413453.0
40,0.25,vmin,0.1,1,-43626.3,75418.3,1508.4,24.0,12.0,14.0,36.0,31792.0,260.6,37797771.0
40,0.25,vmin,0.25,1,-40760.1,75178.1,1503.6,26.0,14.0,14.0,40.0,34418.0,600.1,36619904.0
40,0.25,vmin,0.5,1,-36176.6,70594.6,1411.9,24.0,16.0,16.0,40.0,34418.0,33.7,38391024.0
40,0.25,vmin,0.9,1,-31294.7,65712.7,1314.3,26.0,14.0,14.0,40.0,34418.0,191.0,37185317.0
40,0.5,R,1,1,33063.0,1355.0,1355.0,23.0,17.0,17.0,40.0,34418.0,332.9,34775880.0
40,0.5,R,100,1,-97827.7,120985.7,1209.9,18.0,9.0,15.0,27.0,23158.0,202.6,34625866.0
40,0.5,R,12.5,1,17338.6,17079.4,1366.4,23.0,17.0,17.0,40.0,34418.0,600.0,34162504.0
40,0.5,R,200,1,-215969.6,226719.6,1133.6,7.0,6.0,15.0,13.0,10750.0,600.1,35330807.0
40,0.5,R,25,1,120.4,34297.6,1371.9,24.0,16.0,16.0,40.0,34418.0,308.7,33784689.0
40,0.5,R,50,1,-32699.1,66357.1,1327.1,23.0,16.0,16.0,39.0,33658.0,67.2,34152407.0
40,0.5,Wcap,0.25,1,-49754.9,60358.9,1207.2,7.0,5.0,15.0,12.0,10604.0,109.7,35625304.0
40,0.5,Wcap,0.5,1,-44450.9,63123.9,1262.5,12.0,9.0,17.0,21.0,18673.0,554.0,35140593.0
40,0.5,Wcap,1,1,-32699.1,66357.1,1327.1,23.0,16.0,16.0,39.0,33658.0,67.1,34261592.0
40,0.5,Wcap,2,1,-26648.6,61066.6,1221.3,26.0,14.0,14.0,40.0,34418.0,439.7,34481008.0
40,0.5,Wcap,4,1,-23252.5,57670.5,1153.4,25.0,15.0,15.0,40.0,34418.0,129.4,34739839.0
40,0.5,baseline,-,1,-32699.1,66357.1,1327.1,23.0,16.0,16.0,39.0,33658.0,66.1,34582217.0
40,0.5,vDfact,0.5,1,-52149.5,83282.5,1665.7,32.0,4.0,5.0,36.0,31133.0,600.4,41591556.0
40,0.5,vDfact,1,1,-42051.0,73889.0,1477.8,27.0,9.0,11.0,36.0,31838.0,600.2,36626554.0
40,0.5,vDfact,2,1,-32699.1,66357.1,1327.1,23.0,16.0,16.0,39.0,33658.0,66.2,34521038.0
40,0.5,vDfact,3,1,-30772.3,65190.3,1303.8,21.0,19.0,19.0,40.0,34418.0,32.6,33621701.0
40,0.5,vDfact,4,1,-31311.4,65729.4,1314.6,21.0,19.0,19.0,40.0,34418.0,600.1,33021930.0
40,0.5,vmin,0.05,1,-34944.1,68602.1,1372.0,23.0,16.0,16.0,39.0,33658.0,600.1,34314193.0
40,0.5,vmin,0.1,1,-32699.1,66357.1,1327.1,23.0,16.0,16.0,39.0,33658.0,66.3,34595903.0
40,0.5,vmin,0.25,1,-30545.1,64963.1,1299.3,24.0,16.0,16.0,40.0,34418.0,221.7,34507744.0
40,0.5,vmin,0.5,1,-27346.6,61764.6,1235.3,23.0,17.0,17.0,40.0,34418.0,600.0,34359170.0
40,0.5,vmin,0.9,1,-22264.1,56682.1,1133.6,24.0,16.0,16.0,40.0,34418.0,581.2,35044204.0
40,0.75,R,1,1,33062.0,1356.0,1356.0,24.0,16.0,16.0,40.0,34418.0,421.7,34711307.0
40,0.75,R,100,1,-97327.9,122170.9,1221.7,15.0,13.0,18.0,28.0,24843.0,174.7,34712099.0
40,0.75,R,12.5,1,17568.4,16849.6,1348.0,23.0,17.0,17.0,40.0,34418.0,600.1,33981956.0
40,0.75,R,200,1,-216038.5,232016.5,1160.1,10.0,8.0,16.0,18.0,15978.0,120.5,35124876.0
40,0.75,R,25,1,485.7,33932.3,1357.3,28.0,12.0,12.0,40.0,34418.0,600.7,33683040.0
40,0.75,R,50,1,-32803.7,67221.7,1344.4,23.0,17.0,17.0,40.0,34418.0,193.2,34027901.0
40,0.75,Wcap,0.25,1,-50474.7,61087.7,1221.8,6.0,6.0,13.0,12.0,10613.0,254.8,35556220.0
40,0.75,Wcap,0.5,1,-44280.8,63268.8,1265.4,13.0,8.0,13.0,21.0,18988.0,600.1,34758720.0
40,0.75,Wcap,1,1,-32803.7,67221.7,1344.4,23.0,17.0,17.0,40.0,34418.0,190.3,34482868.0
40,0.75,Wcap,2,1,-25547.2,59965.2,1199.3,24.0,16.0,16.0,40.0,34418.0,600.1,33652678.0
40,0.75,Wcap,4,1,-23981.3,58399.3,1168.0,24.0,16.0,16.0,40.0,34418.0,600.1,34809138.0
40,0.75,baseline,-,1,-32803.7,67221.7,1344.4,23.0,17.0,17.0,40.0,34418.0,192.9,34013592.0
40,0.75,vDfact,0.5,1,-50573.4,82629.4,1652.6,33.0,4.0,4.0,37.0,32056.0,475.7,42275398.0
40,0.75,vDfact,1,1,-41720.2,73558.2,1471.2,28.0,8.0,10.0,36.0,31838.0,600.3,36317277.0
40,0.75,vDfact,2,1,-32803.7,67221.7,1344.4,23.0,17.0,17.0,40.0,34418.0,189.5,34718118.0
40,0.75,vDfact,3,1,-28264.1,61418.1,1228.4,22.0,16.0,17.0,38.0,33154.0,424.6,33149292.0
40,0.75,vDfact,4,1,-26544.6,60962.6,1219.3,20.0,20.0,20.0,40.0,34418.0,351.1,32794633.0
40,0.75,vmin,0.05,1,-33620.1,66218.1,1324.4,21.0,16.0,16.0,37.0,32598.0,278.8,34262279.0
40,0.75,vmin,0.1,1,-32803.7,67221.7,1344.4,23.0,17.0,17.0,40.0,34418.0,192.0,34201910.0
40,0.75,vmin,0.25,1,-30803.0,65221.0,1304.4,25.0,15.0,15.0,40.0,34418.0,194.6,34340728.0
40,0.75,vmin,0.5,1,-27184.0,61602.0,1232.0,24.0,16.0,16.0,40.0,34418.0,122.9,34629977.0
40,0.75,vmin,0.9,1,-22090.5,56508.5,1130.2,26.0,14.0,14.0,40.0,34418.0,216.3,34119212.0
40,1.0,R,1,1,33077.9,1340.1,1340.1,26.0,14.0,14.0,40.0,34418.0,321.1,34532384.0
40,1.0,R,100,1,-97688.5,120724.5,1207.2,17.0,10.0,15.0,27.0,23036.0,232.3,34963170.0
40,1.0,R,12.5,1,17572.9,16845.1,1347.6,27.0,13.0,13.0,40.0,34418.0,600.1,34031635.0
40,1.0,R,200,1,-218243.7,230596.7,1153.0,8.0,6.0,13.0,14.0,12353.0,486.5,35267887.0
40,1.0,R,25,1,1303.7,33114.3,1324.6,29.0,11.0,11.0,40.0,34418.0,601.2,34657796.0
40,1.0,R,50,1,-32515.4,66933.4,1338.7,24.0,16.0,16.0,40.0,34418.0,98.4,33882674.0
40,1.0,Wcap,0.25,1,-49207.7,60053.7,1201.1,8.0,5.0,13.0,13.0,10846.0,455.9,35340232.0
40,1.0,Wcap,0.5,1,-43717.8,62407.8,1248.2,13.0,8.0,15.0,21.0,18690.0,330.8,34234554.0
40,1.0,Wcap,1,1,-32515.4,66933.4,1338.7,24.0,16.0,16.0,40.0,34418.0,97.8,34078240.0
40,1.0,Wcap,2,1,-25884.0,60302.0,1206.0,24.0,16.0,16.0,40.0,34418.0,600.1,34655966.0
40,1.0,Wcap,4,1,-23326.3,57744.3,1154.9,25.0,15.0,15.0,40.0,34418.0,225.3,34497545.0
40,1.0,baseline,-,1,-32515.4,66933.4,1338.7,24.0,16.0,16.0,40.0,34418.0,96.4,34397907.0
40,1.0,vDfact,0.5,1,-51382.3,83438.3,1668.8,33.0,4.0,4.0,37.0,32056.0,445.3,42817187.0
40,1.0,vDfact,1,1,-40531.9,73129.9,1462.6,27.0,10.0,10.0,37.0,32598.0,606.0,36539174.0
40,1.0,vDfact,2,1,-32515.4,66933.4,1338.7,24.0,16.0,16.0,40.0,34418.0,97.1,34192004.0
40,1.0,vDfact,3,1,-27742.3,61498.3,1230.0,22.0,17.0,17.0,39.0,33756.0,10.0,32851489.0
40,1.0,vDfact,4,1,-25135.7,59553.7,1191.1,23.0,17.0,17.0,40.0,34418.0,593.2,32838184.0
40,1.0,vmin,0.05,1,-33627.2,66887.2,1337.7,24.0,14.0,14.0,38.0,33260.0,348.7,34869426.0
40,1.0,vmin,0.1,1,-32515.4,66933.4,1338.7,24.0,16.0,16.0,40.0,34418.0,98.7,33987610.0
40,1.0,vmin,0.25,1,-31813.8,66231.8,1324.6,25.0,15.0,15.0,40.0,34418.0,600.1,34297137.0
40,1.0,vmin,0.5,1,-26888.8,61306.8,1226.1,29.0,11.0,11.0,40.0,34418.0,600.8,34555038.0
40,1.0,vmin,0.9,1,-22697.1,57115.1,1142.3,25.0,15.0,15.0,40.0,34418.0,305.1,34350624.0
50,0.25,R,1,1,38890.7,1720.3,1720.3,34.0,16.0,16.0,50.0,40611.0,726.1,40399772.0
50,0.25,R,100,1,-125176.6,153579.6,1535.8,22.0,12.0,16.0,34.0,28403.0,750.1,40373267.0
50,0.25,R,12.5,1,19157.7,21453.3,1716.3,32.0,18.0,18.0,50.0,40611.0,33.6,39687204.0
50,0.25,R,200,1,-271462.2,288217.2,1441.1,14.0,7.0,16.0,21.0,16755.0,680.6,41449152.0
50,0.25,R,25,1,-2925.6,43536.6,1741.5,33.0,17.0,17.0,50.0,40611.0,205.9,39622479.0
50,0.25,R,50,1,-44977.8,84334.8,1686.7,30.0,18.0,19.0,48.0,39357.0,750.1,39216879.0
50,0.25,Wcap,0.25,1,-62183.1,74301.1,1486.0,9.0,5.0,17.0,14.0,12118.0,750.1,42017128.0
50,0.25,Wcap,0.5,1,-57367.7,80306.7,1606.1,18.0,10.0,16.0,28.0,22939.0,750.1,40770872.0
50,0.25,Wcap,1,1,-45766.8,85123.8,1702.5,30.0,18.0,18.0,48.0,39357.0,107.7,39179814.0
50,0.25,Wcap,2,1,-36815.6,77426.6,1548.5,34.0,16.0,16.0,50.0,40611.0,629.6,39766973.0
50,0.25,Wcap,4,1,-33334.0,73945.0,1478.9,35.0,15.0,15.0,50.0,40611.0,750.1,39284164.0
50,0.25,baseline,-,1,-45766.8,85123.8,1702.5,30.0,18.0,18.0,48.0,39357.0,106.6,39663504.0
50,0.25,vDfact,0.5,1,-56178.3,94240.3,1884.8,40.0,6.0,6.0,46.0,38062.0,750.6,45519956.0
50,0.25,vDfact,1,1,-50965.4,91047.4,1820.9,36.0,13.0,13.0,49.0,40082.0,750.1,41086580.0
50,0.25,vDfact,2,1,-45766.8,85123.8,1702.5,30.0,18.0,18.0,48.0,39357.0,105.9,39555608.0
50,0.25,vDfact,3,1,-42851.4,82933.4,1658.7,30.0,19.0,19.0,49.0,40082.0,319.6,39571817.0
50,0.25,vDfact,4,1,-43657.1,82967.1,1659.3,29.0,19.0,19.0,48.0,39310.0,750.1,39535776.0
50,0.25,vmin,0.05,1,-46223.4,84808.4,1696.2,30.0,17.0,18.0,47.0,38585.0,524.5,39647997.0
50,0.25,vmin,0.1,1,-45766.8,85123.8,1702.5,30.0,18.0,18.0,48.0,39357.0,106.4,39637074.0
50,0.25,vmin,0.25,1,-42799.1,83410.1,1668.2,34.0,16.0,16.0,50.0,40611.0,750.1,40212942.0
50,0.25,vmin,0.5,1,-37647.5,78258.5,1565.2,33.0,17.0,17.0,50.0,40611.0,306.1,39283014.0
50,0.25,vmin,0.9,1,-31237.0,71848.0,1437.0,35.0,15.0,15.0,50.0,40611.0,750.1,39723644.0
50,0.5,R,1,1,39240.5,1370.5,1370.5,30.0,20.0,20.0,50.0,40611.0,302.8,37109355.0
50,0.5,R,100,1,-91888.6,129719.6,1297.2,28.0,18.0,18.0,46.0,37831.0,750.2,37610848.0
50,0.5,R,12.5,1,22885.5,17725.5,1418.0,31.0,19.0,19.0,50.0,40611.0,750.2,36929563.0
50,0.5,R,200,1,-223022.1,247852.1,1239.3,18.0,13.0,18.0,31.0,24830.0,750.1,37486368.0
50,0.5,R,25,1,5911.3,34699.7,1388.0,30.0,20.0,20.0,50.0,40611.0,642.5,36609085.0
50,0.5,R,50,1,-27173.0,67784.0,1355.7,29.0,21.0,21.0,50.0,40611.0,750.1,37085883.0
50,0.5,Wcap,0.25,1,-48590.1,63584.1,1271.7,11.0,8.0,18.0,19.0,14994.0,750.1,38087207.0
50,0.5,Wcap,0.5,1,-41068.8,70900.8,1418.0,21.0,14.0,19.0,35.0,29832.0,116.6,37012597.0
50,0.5,Wcap,1,1,-27221.2,67832.2,1356.6,30.0,20.0,20.0,50.0,40611.0,430.0,36516616.0
50,0.5,Wcap,2,1,-23427.9,64038.9,1280.8,31.0,19.0,19.0,50.0,40611.0,750.1,37031228.0
50,0.5,Wcap,4,1,-19242.9,59853.9,1197.1,33.0,17.0,17.0,50.0,40611.0,750.1,36857579.0
50,0.5,baseline,-,1,-27221.2,67832.2,1356.6,30.0,20.0,20.0,50.0,40611.0,424.8,37019207.0
50,0.5,vDfact,0.5,1,-54750.8,92022.8,1840.5,41.0,4.0,5.0,45.0,37272.0,750.8,42995886.0
50,0.5,vDfact,1,1,-40610.4,79967.4,1599.3,38.0,10.0,10.0,48.0,39357.0,750.3,39949729.0
50,0.5,vDfact,2,1,-27173.0,67784.0,1355.7,29.0,21.0,21.0,50.0,40611.0,750.1,36918152.0
50,0.5,vDfact,3,1,-27115.3,67197.3,1343.9,29.0,20.0,20.0,49.0,40082.0,699.8,35438025.0
50,0.5,vDfact,4,1,-21156.5,61767.5,1235.4,27.0,23.0,23.0,50.0,40611.0,70.4,34901830.0
50,0.5,vmin,0.05,1,-29299.0,69381.0,1387.6,32.0,17.0,17.0,49.0,40082.0,625.3,36686474.0
50,0.5,vmin,0.1,1,-27221.2,67832.2,1356.6,30.0,20.0,20.0,50.0,40611.0,426.8,36740151.0
50,0.5,vmin,0.25,1,-27692.3,68303.3,1366.1,30.0,20.0,20.0,50.0,40611.0,579.2,37379822.0
50,0.5,vmin,0.5,1,-21876.8,62487.8,1249.8,32.0,18.0,18.0,50.0,40611.0,750.1,35991675.0
50,0.5,vmin,0.9,1,-19944.5,60555.5,1211.1,35.0,15.0,15.0,50.0,40611.0,346.4,37247092.0
50,0.75,R,1,1,39265.5,1345.5,1345.5,32.0,18.0,18.0,50.0,40611.0,750.1,37509999.0
50,0.75,R,100,1,-98134.9,135965.9,1359.7,29.0,17.0,17.0,46.0,37831.0,750.1,37347918.0
50,0.75,R,12.5,1,23401.3,17209.7,1376.8,34.0,16.0,16.0,50.0,40611.0,566.4,36416415.0
50,0.75,R,200,1,-221886.8,241732.8,1208.7,17.0,8.0,16.0,25.0,19846.0,664.5,37965652.0
50,0.75,R,25,1,5605.0,35006.0,1400.2,35.0,15.0,15.0,50.0,40611.0,750.1,36849793.0
50,0.75,R,50,1,-27165.9,67776.9,1355.5,32.0,18.0,18.0,50.0,40611.0,750.1,36429300.0
50,0.75,Wcap,0.25,1,-49889.2,65982.2,1319.6,11.0,8.0,16.0,19.0,16093.0,750.1,37492205.0
50,0.75,Wcap,0.5,1,-39286.8,69353.8,1387.1,22.0,13.0,17.0,35.0,30067.0,750.1,36642549.0
50,0.75,Wcap,1,1,-27165.9,67776.9,1355.5,32.0,18.0,18.0,50.0,40611.0,750.1,36512079.0
50,0.75,Wcap,2,1,-23345.0,63956.0,1279.1,34.0,16.0,16.0,50.0,40611.0,750.1,37871422.0
50,0.75,Wcap,4,1,-21679.5,62290.5,1245.8,33.0,17.0,17.0,50.0,40611.0,750.1,37238538.0
50,0.75,baseline,-,1,-27165.9,67776.9,1355.5,32.0,18.0,18.0,50.0,40611.0,750.1,36456859.0
50,0.75,vDfact,0.5,1,-53983.4,90944.4,1818.9,39.0,5.0,5.0,44.0,36961.0,751.2,43678739.0
50,0.75,vDfact,1,1,-41498.8,81057.8,1621.2,36.0,12.0,12.0,48.0,39559.0,752.8,38894412.0
50,0.75,vDfact,2,1,-27165.9,67776.9,1355.5,32.0,18.0,18.0,50.0,40611.0,750.1,35545043.0
50,0.75,vDfact,3,1,-24488.1,65099.1,1302.0,27.0,23.0,23.0,50.0,40611.0,400.7,35623376.0
50,0.75,vDfact,4,1,-19242.6,59853.6,1197.1,27.0,23.0,23.0,50.0,40611.0,505.2,35240937.0
50,0.75,vmin,0.05,1,-29972.5,70054.5,1401.1,32.0,17.0,17.0,49.0,40082.0,319.4,37031384.0
50,0.75,vmin,0.1,1,-27165.9,67776.9,1355.5,32.0,18.0,18.0,50.0,40611.0,750.1,36297455.0
50,0.75,vmin,0.25,1,-27138.1,67749.1,1355.0,33.0,17.0,17.0,50.0,40611.0,731.2,37086164.0
50,0.75,vmin,0.5,1,-24538.8,65149.8,1303.0,33.0,17.0,17.0,50.0,40611.0,750.1,37506225.0
50,0.75,vmin,0.9,1,-20007.9,60618.9,1212.4,32.0,18.0,18.0,50.0,40611.0,52.7,37717224.0
50,1.0,R,1,1,39201.4,1409.6,1409.6,31.0,19.0,19.0,50.0,40611.0,91.4,37263105.0
50,1.0,R,100,1,-99058.3,136827.3,1368.3,30.0,16.0,17.0,46.0,37769.0,162.1,37124442.0
50,1.0,R,12.5,1,22838.7,17772.3,1421.8,35.0,15.0,15.0,50.0,40611.0,280.3,36475058.0
50,1.0,R,200,1,-223821.5,243958.5,1219.8,15.0,10.0,15.0,25.0,20137.0,511.1,37872322.0
50,1.0,R,25,1,5342.2,35268.8,1410.8,33.0,17.0,17.0,50.0,40611.0,278.8,36496564.0
50,1.0,R,50,1,-27858.4,67940.4,1358.8,31.0,18.0,18.0,49.0,40082.0,750.1,36653315.0
50,1.0,Wcap,0.25,1,-48202.3,65845.3,1316.9,12.0,9.0,17.0,21.0,17643.0,612.1,37933512.0
50,1.0,Wcap,0.5,1,-41890.7,71572.7,1431.5,21.0,14.0,18.0,35.0,29682.0,724.0,37255468.0
50,1.0,Wcap,1,1,-27858.4,67940.4,1358.8,31.0,18.0,18.0,49.0,40082.0,750.1,37041803.0
50,1.0,Wcap,2,1,-23747.1,64358.1,1287.2,34.0,16.0,16.0,50.0,40611.0,290.9,37423477.0
50,1.0,Wcap,4,1,-21245.8,61856.8,1237.1,34.0,16.0,16.0,50.0,40611.0,207.4,36986131.0
50,1.0,baseline,-,1,-27858.4,67940.4,1358.8,31.0,18.0,18.0,49.0,40082.0,750.1,36685981.0
50,1.0,vDfact,0.5,1,-53072.5,91152.5,1823.1,40.0,6.0,6.0,46.0,38080.0,756.1,44031022.0
50,1.0,vDfact,1,1,-41914.6,81996.6,1639.9,39.0,10.0,10.0,49.0,40082.0,751.9,40031034.0
50,1.0,vDfact,2,1,-27858.4,67940.4,1358.8,31.0,18.0,18.0,49.0,40082.0,750.1,36633031.0
50,1.0,vDfact,3,1,-21902.2,62513.2,1250.3,31.0,19.0,19.0,50.0,40611.0,680.4,35544737.0
50,1.0,vDfact,4,1,-19528.7,60139.7,1202.8,28.0,22.0,22.0,50.0,40611.0,63.1,34978669.0
50,1.0,vmin,0.05,1,-29837.9,70448.9,1409.0,33.0,17.0,17.0,50.0,40611.0,750.1,37337466.0
50,1.0,vmin,0.1,1,-27858.4,67940.4,1358.8,31.0,18.0,18.0,49.0,40082.0,750.1,36959417.0
50,1.0,vmin,0.25,1,-27746.7,68357.7,1367.2,32.0,18.0,18.0,50.0,40611.0,274.8,36801697.0
50,1.0,vmin,0.5,1,-25575.7,66186.7,1323.7,33.0,17.0,17.0,50.0,40611.0,15.7,36178242.0
50,1.0,vmin,0.9,1,-20704.8,61315.8,1226.3,35.0,15.0,15.0,50.0,40611.0,171.8,37152928.0
75,0.25,R,1,1,56856.8,2031.2,2031.2,52.0,23.0,23.0,75.0,58888.0,975.5,38330077.0
75,0.25,R,100,1,-137432.1,185383.1,1853.8,39.0,19.0,24.0,58.0,47951.0,975.3,38304243.0
75,0.25,R,12.5,1,33632.3,25255.7,2020.5,45.0,30.0,30.0,75.0,58888.0,975.4,37634526.0
75,0.25,R,200,1,-308709.5,342245.5,1711.2,24.0,18.0,27.0,42.0,33536.0,975.6,38889889.0
75,0.25,R,25,1,8268.0,50620.0,2024.8,48.0,27.0,27.0,75.0,58888.0,975.5,37546231.0
75,0.25,R,50,1,-43424.0,101112.0,2022.2,43.0,29.0,29.0,72.0,57688.0,975.2,37802552.0
75,0.25,Wcap,0.25,1,-74383.7,91628.7,1832.6,12.0,10.0,26.0,22.0,17245.0,975.4,40227749.0
75,0.25,Wcap,0.5,1,-58972.3,99275.3,1985.5,26.0,22.0,28.0,48.0,40303.0,975.4,38383239.0
75,0.25,Wcap,1,1,-42879.8,100567.8,2011.4,42.0,30.0,30.0,72.0,57688.0,975.3,37850749.0
75,0.25,Wcap,2,1,-32480.7,91368.7,1827.4,52.0,23.0,23.0,75.0,58888.0,975.4,37872685.0
75,0.25,Wcap,4,1,-28785.6,87673.6,1753.5,45.0,30.0,30.0,75.0,58888.0,975.4,37561118.0
75,0.25,baseline,-,1,-43424.0,101112.0,2022.2,43.0,29.0,29.0,72.0,57688.0,975.2,37903541.0
75,0.25,vDfact,0.5,1,-58582.8,114268.8,2285.4,58.0,10.0,10.0,68.0,55686.0,977.9,41923533.0
75,0.25,vDfact,1,1,-50648.0,107750.0,2155.0,51.0,20.0,20.0,71.0,57102.0,975.5,39941748.0
75,0.25,vDfact,2,1,-43424.0,101112.0,2022.2,43.0,29.0,29.0,72.0,57688.0,975.2,38440241.0
75,0.25,vDfact,3,1,-41491.1,98194.1,1963.9,42.0,28.0,30.0,70.0,56703.0,975.2,36766686.0
75,0.25,vDfact,4,1,-42454.2,98566.2,1971.3,41.0,28.0,29.0,69.0,56112.0,975.2,37540239.0
75,0.25,vmin,0.05,1,-45123.2,101189.2,2023.8,45.0,24.0,26.0,69.0,56066.0,975.3,37414047.0
75,0.25,vmin,0.1,1,-43424.0,101112.0,2022.2,43.0,29.0,29.0,72.0,57688.0,975.2,38313183.0
75,0.25,vmin,0.25,1,-39959.5,98073.5,1961.5,48.0,25.0,25.0,73.0,58114.0,975.4,37880060.0
75,0.25,vmin,0.5,1,-35173.0,94061.0,1881.2,49.0,26.0,26.0,75.0,58888.0,975.2,37808638.0
75,0.25,vmin,0.9,1,-25225.9,84113.9,1682.3,51.0,24.0,24.0,75.0,58888.0,975.2,36928062.0
75,0.5,R,1,1,57062.4,1825.6,1825.6,51.0,24.0,24.0,75.0,58888.0,975.4,35585913.0
75,0.5,R,100,1,-127456.1,179472.1,1794.7,39.0,24.0,28.0,63.0,52016.0,975.2,36781453.0
75,0.5,R,12.5,1,35476.7,23411.3,1872.9,46.0,29.0,29.0,75.0,58888.0,406.7,35777633.0
75,0.5,R,200,1,-301317.5,325118.5,1625.6,22.0,8.0,21.0,30.0,23801.0,975.2,37107447.0
75,0.5,R,25,1,13078.9,45809.1,1832.4,49.0,26.0,26.0,75.0,58888.0,975.4,35076062.0
75,0.5,R,50,1,-33963.2,91994.2,1839.9,47.0,26.0,26.0,73.0,58031.0,975.4,36314289.0
75,0.5,Wcap,0.25,1,-64704.6,84917.6,1698.4,14.0,11.0,26.0,25.0,20213.0,503.0,37560442.0
75,0.5,Wcap,0.5,1,-51838.3,92775.3,1855.5,31.0,19.0,26.0,50.0,40937.0,975.4,36772913.0
75,0.5,Wcap,1,1,-33963.2,91994.2,1839.9,47.0,26.0,26.0,73.0,58031.0,975.4,35646400.0
75,0.5,Wcap,2,1,-24702.1,83590.1,1671.8,54.0,21.0,21.0,75.0,58888.0,583.7,36186847.0
75,0.5,Wcap,4,1,-21624.1,80512.1,1610.2,51.0,24.0,24.0,75.0,58888.0,975.2,35570885.0
75,0.5,baseline,-,1,-33963.2,91994.2,1839.9,47.0,26.0,26.0,73.0,58031.0,975.4,35939780.0
75,0.5,vDfact,0.5,1,-56289.1,112534.1,2250.7,60.0,9.0,9.0,69.0,56245.0,1024.5,40055720.0
75,0.5,vDfact,1,1,-46723.2,103903.2,2078.1,58.0,14.0,15.0,72.0,57180.0,975.5,38222780.0
75,0.5,vDfact,2,1,-34459.5,92490.5,1849.8,46.0,27.0,27.0,73.0,58031.0,975.5,36238034.0
75,0.5,vDfact,3,1,-26987.6,85101.6,1702.0,45.0,28.0,28.0,73.0,58114.0,975.4,35259814.0
75,0.5,vDfact,4,1,-22187.8,81075.8,1621.5,43.0,32.0,32.0,75.0,58888.0,975.4,34975724.0
75,0.5,vmin,0.05,1,-35728.4,93681.4,1873.6,49.0,24.0,25.0,73.0,57953.0,975.3,36332889.0
75,0.5,vmin,0.1,1,-33963.2,91994.2,1839.9,47.0,26.0,26.0,73.0,58031.0,975.4,36368502.0
75,0.5,vmin,0.25,1,-31188.2,90076.2,1801.5,48.0,27.0,27.0,75.0,58888.0,975.2,35412762.0
75,0.5,vmin,0.5,1,-25929.8,84817.8,1696.4,52.0,23.0,23.0,75.0,58888.0,975.3,35817490.0
75,0.5,vmin,0.9,1,-20599.5,79487.5,1589.8,49.0,26.0,26.0,75.0,58888.0,167.0,35934767.0
75,0.75,R,1,1,57020.2,1867.8,1867.8,53.0,22.0,22.0,75.0,58888.0,975.5,36764174.0
75,0.75,R,100,1,-126013.6,173966.6,1739.7,41.0,17.0,20.0,58.0,47953.0,645.9,35972087.0
75,0.75,R,12.5,1,35568.7,23319.3,1865.5,53.0,22.0,22.0,75.0,58888.0,975.3,35405908.0
75,0.75,R,200,1,-288418.1,316027.1,1580.1,21.0,13.0,23.0,34.0,27609.0,975.4,37014240.0
75,0.75,R,25,1,12149.0,46739.0,1869.6,51.0,24.0,24.0,75.0,58888.0,947.3,36307130.0
75,0.75,R,50,1,-34560.7,93448.7,1869.0,52.0,23.0,23.0,75.0,58888.0,975.4,36213328.0
75,0.75,Wcap,0.25,1,-63952.6,83602.6,1672.1,15.0,9.0,22.0,24.0,19650.0,975.3,38553094.0
75,0.75,Wcap,0.5,1,-50762.6,93351.6,1867.0,33.0,19.0,26.0,52.0,42589.0,975.3,37156098.0
75,0.75,Wcap,1,1,-34421.6,93309.6,1866.2,51.0,24.0,24.0,75.0,58888.0,975.5,36768829.0
75,0.75,Wcap,2,1,-26330.3,85218.3,1704.4,49.0,26.0,26.0,75.0,58888.0,164.6,36552388.0
75,0.75,Wcap,4,1,-21051.8,79939.8,1598.8,56.0,19.0,19.0,75.0,58888.0,975.5,37019025.0
75,0.75,baseline,-,1,-34560.7,93448.7,1869.0,52.0,23.0,23.0,75.0,58888.0,975.3,36532910.0
75,0.75,vDfact,0.5,1,-54265.5,112379.5,2247.6,65.0,8.0,8.0,73.0,58114.0,1013.3,41470535.0
75,0.75,vDfact,1,1,-45282.8,103396.8,2067.9,58.0,15.0,15.0,73.0,58114.0,313.2,39220089.0
75,0.75,vDfact,2,1,-34539.0,93427.0,1868.5,51.0,24.0,24.0,75.0,58888.0,975.5,36845397.0
75,0.75,vDfact,3,1,-27905.8,85499.8,1710.0,46.0,26.0,28.0,72.0,57594.0,975.5,35431572.0
75,0.75,vDfact,4,1,-23119.9,81123.9,1622.5,44.0,29.0,31.0,73.0,58004.0,975.2,33607685.0
75,0.75,vmin,0.05,1,-33541.1,89978.1,1799.6,49.0,21.0,22.0,70.0,56437.0,975.3,36117344.0
75,0.75,vmin,0.1,1,-34560.7,93448.7,1869.0,52.0,23.0,23.0,75.0,58888.0,975.4,36208349.0
75,0.75,vmin,0.25,1,-29787.0,88675.0,1773.5,53.0,22.0,22.0,75.0,58888.0,975.6,35980375.0
75,0.75,vmin,0.5,1,-25994.5,84882.5,1697.7,53.0,22.0,22.0,75.0,58888.0,535.1,35875287.0
75,0.75,vmin,0.9,1,-19204.3,78092.3,1561.8,50.0,25.0,25.0,75.0,58888.0,975.4,35910301.0
75,1.0,R,1,1,56993.0,1895.0,1895.0,53.0,22.0,22.0,75.0,58888.0,975.4,35438229.0
75,1.0,R,100,1,-124094.3,171121.3,1711.2,41.0,16.0,21.0,57.0,47027.0,962.8,35914610.0
75,1.0,R,12.5,1,35607.3,23280.7,1862.5,51.0,24.0,24.0,75.0,58888.0,975.5,34660833.0
75,1.0,R,200,1,-293808.0,323323.0,1616.6,24.0,12.0,20.0,36.0,29515.0,975.4,36840055.0
75,1.0,R,25,1,11929.9,46958.1,1878.3,51.0,24.0,24.0,75.0,58888.0,975.4,35686270.0
75,1.0,R,50,1,-31097.9,89985.9,1799.7,51.0,24.0,24.0,75.0,58888.0,976.0,35283294.0
75,1.0,Wcap,0.25,1,-64134.5,83375.5,1667.5,16.0,8.0,20.0,24.0,19241.0,975.3,37440458.0
75,1.0,Wcap,0.5,1,-52790.2,91512.2,1830.2,32.0,15.0,22.0,47.0,38722.0,975.3,36488899.0
75,1.0,Wcap,1,1,-31553.7,90441.7,1808.8,53.0,22.0,22.0,75.0,58888.0,975.6,35583283.0
75,1.0,Wcap,2,1,-26273.7,85161.7,1703.2,52.0,23.0,23.0,75.0,58888.0,260.6,35727833.0
75,1.0,Wcap,4,1,-22033.2,80921.2,1618.4,51.0,24.0,24.0,75.0,58888.0,975.3,35958612.0
75,1.0,baseline,-,1,-31553.7,90441.7,1808.8,53.0,22.0,22.0,75.0,58888.0,975.6,35638029.0
75,1.0,vDfact,0.5,1,-55126.4,110705.4,2214.1,61.0,7.0,7.0,68.0,55579.0,1005.9,42772607.0
75,1.0,vDfact,1,1,-46100.1,103330.1,2066.6,56.0,15.0,15.0,71.0,57230.0,975.3,39112905.0
75,1.0,vDfact,2,1,-31553.7,90441.7,1808.8,53.0,22.0,22.0,75.0,58888.0,975.6,35833442.0
75,1.0,vDfact,3,1,-27110.9,84798.9,1696.0,46.0,26.0,27.0,72.0,57688.0,975.3,35092341.0
75,1.0,vDfact,4,1,-22398.2,81286.2,1625.7,43.0,32.0,32.0,75.0,58888.0,975.3,34513737.0
75,1.0,vmin,0.05,1,-36160.0,92272.0,1845.4,51.0,18.0,21.0,69.0,56112.0,975.5,36294643.0
75,1.0,vmin,0.1,1,-30451.9,89339.9,1786.8,52.0,23.0,23.0,75.0,58888.0,975.8,35915157.0
75,1.0,vmin,0.25,1,-32149.8,90694.8,1813.9,52.0,22.0,22.0,74.0,58545.0,975.4,36199613.0
75,1.0,vmin,0.5,1,-24795.8,83683.8,1673.7,51.0,24.0,24.0,75.0,58888.0,975.5,36527871.0
75,1.0,vmin,0.9,1,-19533.3,78421.3,1568.4,55.0,20.0,20.0,75.0,58888.0,273.8,36553155.0
100,0.25,R,1,1,81348.7,2594.3,2594.3,68.0,32.0,32.0,100.0,83943.0,1200.4,38543789.0
100,0.25,R,100,1,-172031.5,242040.5,2420.4,56.0,24.0,29.0,80.0,70009.0,1200.3,37810558.0
100,0.25,R,12.5,1,51734.4,32208.6,2576.7,71.0,29.0,29.0,100.0,83943.0,288.3,36748682.0
100,0.25,R,200,1,-395360.2,437258.2,2186.3,32.0,18.0,31.0,50.0,41898.0,1200.8,38631496.0
100,0.25,R,25,1,21035.8,62907.2,2516.3,67.0,33.0,33.0,100.0,83943.0,1201.1,37367339.0
100,0.25,R,50,1,-44719.5,127429.5,2548.6,66.0,31.0,31.0,97.0,82710.0,1200.5,37299486.0
100,0.25,Wcap,0.25,1,-84666.6,116222.6,2324.5,23.0,12.0,29.0,35.0,31556.0,1200.8,39708815.0
100,0.25,Wcap,0.5,1,-71611.3,125664.3,2513.3,42.0,20.0,31.0,62.0,54053.0,1200.4,38689023.0
100,0.25,Wcap,1,1,-44719.5,127429.5,2548.6,66.0,31.0,31.0,97.0,82710.0,1200.5,37874655.0
100,0.25,Wcap,2,1,-32177.7,116120.7,2322.4,70.0,30.0,30.0,100.0,83943.0,989.6,37440214.0
100,0.25,Wcap,4,1,-26254.3,110197.3,2203.9,71.0,29.0,29.0,100.0,83943.0,1200.5,37870074.0
100,0.25,baseline,-,1,-44719.5,127429.5,2548.6,66.0,31.0,31.0,97.0,82710.0,1200.5,37496049.0
100,0.25,vDfact,0.5,1,-65018.1,144875.1,2897.5,82.0,10.0,10.0,92.0,79857.0,1201.2,41420332.0
100,0.25,vDfact,1,1,-56310.5,139208.5,2784.2,78.0,20.0,20.0,98.0,82898.0,1200.4,38548546.0
100,0.25,vDfact,2,1,-44253.1,126963.1,2539.3,65.0,32.0,32.0,97.0,82710.0,1200.7,37783047.0
100,0.25,vDfact,3,1,-40412.8,123601.8,2472.0,69.0,29.0,30.0,98.0,83189.0,1200.5,37323884.0
100,0.25,vDfact,4,1,-37918.2,120628.2,2412.6,66.0,31.0,33.0,97.0,82710.0,1201.0,37594753.0
100,0.25,vmin,0.05,1,-46756.1,129945.1,2598.9,65.0,33.0,33.0,98.0,83189.0,1201.0,37292996.0
100,0.25,vmin,0.1,1,-44609.2,127319.2,2546.4,65.0,32.0,32.0,97.0,82710.0,1200.7,37891077.0
100,0.25,vmin,0.25,1,-38053.5,121730.5,2434.6,69.0,30.0,31.0,99.0,83677.0,1200.4,37308203.0
100,0.25,vmin,0.5,1,-30296.8,114239.8,2284.8,63.0,37.0,37.0,100.0,83943.0,1200.6,37295848.0
100,0.25,vmin,0.9,1,-21387.8,105330.8,2106.6,72.0,28.0,28.0,100.0,83943.0,1200.7,37436469.0
100,0.5,R,1,1,81543.4,2399.6,2399.6,71.0,29.0,29.0,100.0,83943.0,1201.2,35841709.0
100,0.5,R,100,1,-160446.0,232196.0,2322.0,60.0,22.0,27.0,82.0,71750.0,1200.5,36027309.0
100,0.5,R,12.5,1,53837.5,30105.5,2408.4,70.0,30.0,30.0,100.0,83943.0,1201.2,35343451.0
100,0.5,R,200,1,-374649.6,417953.6,2089.8,39.0,12.0,28.0,51.0,43304.0,1200.4,36254530.0
100,0.5,R,25,1,22567.0,61376.0,2455.0,72.0,28.0,28.0,100.0,83943.0,1200.5,34745680.0
100,0.5,R,50,1,-36373.5,119837.5,2396.7,68.0,31.0,31.0,99.0,83464.0,1200.7,35436815.0
100,0.5,Wcap,0.25,1,-82633.4,114819.4,2296.4,25.0,11.0,28.0,36.0,32186.0,1160.7,37014855.0
100,0.5,Wcap,0.5,1,-64612.0,122863.0,2457.3,49.0,18.0,28.0,67.0,58251.0,1200.8,36403900.0
100,0.5,Wcap,1,1,-36373.5,119837.5,2396.7,68.0,31.0,31.0,99.0,83464.0,1200.8,35372103.0
100,0.5,Wcap,2,1,-24005.4,107948.4,2159.0,73.0,27.0,27.0,100.0,83943.0,584.3,35555514.0
100,0.5,Wcap,4,1,-17346.7,101289.7,2025.8,74.0,26.0,26.0,100.0,83943.0,1200.9,35612116.0
100,0.5,baseline,-,1,-38322.2,121511.2,2430.2,69.0,29.0,30.0,98.0,83189.0,1189.0,35734387.0
100,0.5,vDfact,0.5,1,-62420.2,143464.2,2869.3,85.0,9.0,9.0,94.0,81044.0,1311.2,22715835.0
100,0.5,vDfact,1,1,-51965.9,135642.9,2712.9,81.0,18.0,18.0,99.0,83677.0,1200.5,37381243.0
100,0.5,vDfact,2,1,-38322.2,121511.2,2430.2,69.0,29.0,30.0,98.0,83189.0,1188.5,35744135.0
100,0.5,vDfact,3,1,-27589.5,111266.5,2225.3,66.0,33.0,34.0,99.0,83677.0,1200.5,34986096.0
100,0.5,vDfact,4,1,-25723.1,109176.1,2183.5,60.0,39.0,40.0,99.0,83453.0,1200.4,33902229.0
100,0.5,vmin,0.05,1,-38455.1,121644.1,2432.9,70.0,28.0,29.0,98.0,83189.0,1200.7,35515722.0
100,0.5,vmin,0.1,1,-37081.7,120270.7,2405.4,67.0,31.0,32.0,98.0,83189.0,1200.8,35444583.0
100,0.5,vmin,0.25,1,-31740.6,115417.6,2308.4,70.0,29.0,30.0,99.0,83677.0,1200.7,35743661.0
100,0.5,vmin,0.5,1,-24446.6,108389.6,2167.8,71.0,29.0,29.0,100.0,83943.0,1200.6,35131197.0
100,0.5,vmin,0.9,1,-18193.7,102136.7,2042.7,71.0,29.0,29.0,100.0,83943.0,1200.5,35131822.0
100,0.75,R,1,1,81458.4,2484.6,2484.6,75.0,25.0,25.0,100.0,83943.0,730.8,35476455.0
100,0.75,R,100,1,-166652.3,236345.3,2363.5,56.0,23.0,27.0,79.0,69693.0,1200.7,35686462.0
100,0.75,R,12.5,1,53300.0,30643.0,2451.4,73.0,27.0,27.0,100.0,83943.0,1200.9,35211762.0
100,0.75,R,200,1,-374522.4,421637.4,2108.2,37.0,17.0,30.0,54.0,47115.0,1200.6,36178633.0
100,0.75,R,25,1,21422.7,62520.3,2500.8,76.0,24.0,24.0,100.0,83943.0,1200.4,34577485.0
100,0.75,R,50,1,-32453.4,115161.4,2303.2,72.0,25.0,25.0,97.0,82708.0,1200.4,35362802.0
100,0.75,Wcap,0.25,1,-83310.1,111641.1,2232.8,24.0,8.0,24.0,32.0,28331.0,1200.5,36799471.0
100,0.75,Wcap,0.5,1,-64222.3,124425.3,2488.5,48.0,22.0,31.0,70.0,60203.0,1200.7,35658239.0
100,0.75,Wcap,1,1,-32453.4,115161.4,2303.2,72.0,25.0,25.0,97.0,82708.0,1200.4,35130011.0
100,0.75,Wcap,2,1,-21496.9,105439.9,2108.8,73.0,27.0,27.0,100.0,83943.0,1201.1,35583701.0
100,0.75,Wcap,4,1,-20976.8,104919.8,2098.4,77.0,23.0,23.0,100.0,83943.0,1200.9,35722473.0
100,0.75,baseline,-,1,-32453.4,115161.4,2303.2,72.0,25.0,25.0,97.0,82708.0,1200.5,35210053.0
100,0.75,vDfact,0.5,1,-61686.2,143393.2,2867.9,86.0,9.0,10.0,95.0,81707.0,1240.8,16259461.0
100,0.75,vDfact,1,1,-51361.6,134559.6,2691.2,83.0,15.0,16.0,98.0,83198.0,1200.7,37113038.0
100,0.75,vDfact,2,1,-32453.4,115161.4,2303.2,72.0,25.0,25.0,97.0,82708.0,1200.5,35399578.0
100,0.75,vDfact,3,1,-35454.4,119397.4,2387.9,66.0,34.0,34.0,100.0,83943.0,1200.4,34199025.0
100,0.75,vDfact,4,1,-25515.6,109192.6,2183.9,62.0,37.0,37.0,99.0,83677.0,1200.6,33666483.0
100,0.75,vmin,0.05,1,-40191.8,123389.8,2467.8,68.0,30.0,31.0,98.0,83198.0,1200.9,35298085.0
100,0.75,vmin,0.1,1,-32101.4,114809.4,2296.2,71.0,26.0,26.0,97.0,82708.0,1200.7,35570141.0
100,0.75,vmin,0.25,1,-35494.0,119171.0,2383.4,72.0,27.0,27.0,99.0,83677.0,1200.6,35488805.0
100,0.75,vmin,0.5,1,-25894.6,109837.6,2196.8,77.0,23.0,23.0,100.0,83943.0,1200.4,35373493.0
100,0.75,vmin,0.9,1,-17421.0,101364.0,2027.3,75.0,25.0,25.0,100.0,83943.0,1200.7,35278068.0
100,1.0,R,1,1,81407.6,2535.4,2535.4,74.0,26.0,26.0,100.0,83943.0,1200.6,35681028.0
100,1.0,R,100,1,-159848.7,234297.7,2343.0,62.0,23.0,26.0,85.0,74449.0,1201.6,35936957.0
100,1.0,R,12.5,1,53130.2,30812.8,2465.0,74.0,26.0,26.0,100.0,83943.0,1200.9,35077267.0
100,1.0,R,200,1,-382170.7,424508.7,2122.5,32.0,17.0,26.0,49.0,42338.0,1200.9,36381618.0
100,1.0,R,25,1,21428.7,62514.3,2500.6,76.0,24.0,24.0,100.0,83943.0,1200.9,35133376.0
100,1.0,R,50,1,-38929.0,122180.0,2443.6,69.0,29.0,29.0,98.0,83251.0,1200.6,35553772.0
100,1.0,Wcap,0.25,1,-82931.2,115368.2,2307.4,24.0,12.0,24.0,36.0,32437.0,1200.6,36418351.0
100,1.0,Wcap,0.5,1,-65101.3,123861.3,2477.2,44.0,22.0,29.0,66.0,58760.0,1201.1,35613519.0
100,1.0,Wcap,1,1,-38929.0,122180.0,2443.6,69.0,29.0,29.0,98.0,83251.0,1200.6,35545851.0
100,1.0,Wcap,2,1,-28859.1,112802.1,2256.0,77.0,23.0,23.0,100.0,83943.0,160.6,35346709.0
100,1.0,Wcap,4,1,-17647.5,101590.5,2031.8,74.0,26.0,26.0,100.0,83943.0,1201.8,35116588.0
100,1.0,baseline,-,1,-38929.0,122180.0,2443.6,69.0,29.0,29.0,98.0,83251.0,1200.6,35533671.0
100,1.0,vDfact,0.5,1,-57656.5,138145.5,2762.9,83.0,10.0,10.0,93.0,80489.0,1449.8,7893205.0
100,1.0,vDfact,1,1,-50633.9,133884.9,2677.7,85.0,13.0,13.0,98.0,83251.0,1200.5,37215988.0
100,1.0,vDfact,2,1,-38740.3,121991.3,2439.8,68.0,30.0,30.0,98.0,83251.0,1201.0,35288864.0
100,1.0,vDfact,3,1,-34006.5,117949.5,2359.0,63.0,37.0,37.0,100.0,83943.0,1095.6,34373921.0
100,1.0,vDfact,4,1,-23415.9,107358.9,2147.2,61.0,39.0,39.0,100.0,83943.0,1200.7,33181218.0
100,1.0,vmin,0.05,1,-41311.1,123508.1,2470.2,70.0,26.0,27.0,96.0,82197.0,1200.7,34908196.0
100,1.0,vmin,0.1,1,-38929.0,122180.0,2443.6,69.0,29.0,29.0,98.0,83251.0,1200.6,35491606.0
100,1.0,vmin,0.25,1,-33469.2,117412.2,2348.2,72.0,28.0,28.0,100.0,83943.0,1201.0,34946939.0
100,1.0,vmin,0.5,1,-27964.2,111907.2,2238.1,74.0,26.0,26.0,100.0,83943.0,1200.6,34949685.0
100,1.0,vmin,0.9,1,-18704.8,102647.8,2053.0,75.0,25.0,25.0,100.0,83943.0,1200.8,35041737.0
