factor,dataset,n,layout,ED_frac,ED,d_max,instance,seed,status,objective,profit,rental,arrival,time_s,time_to_best_s,n_items,n_truck,n_drone,n_rendv,W_final,W_capacity,evals,reheats,error,vD
0,ttd300,10,1,0.25,76.0,306.0,ttd300_n10_L1_f025,1,ok,-45243.1965,4181.0,49424.1965,988.4839,120.0025,0.1046,5,5,0,0,5020.0,22750.0,20310128,507,,1e-06
0.5,ttd300,10,1,0.25,76.0,306.0,ttd300_n10_L1_f025,1,ok,-45243.1965,4181.0,49424.1965,988.4839,120.0025,0.1058,5,5,0,0,5020.0,22750.0,20006974,500,,0.5
1,ttd300,10,1,0.25,76.0,306.0,ttd300_n10_L1_f025,1,ok,-45243.1965,4181.0,49424.1965,988.4839,120.0025,0.1046,5,5,0,0,5020.0,22750.0,20367707,509,,1.0
2,ttd300,10,1,0.25,76.0,306.0,ttd300_n10_L1_f025,1,ok,-45243.1965,4181.0,49424.1965,988.4839,120.0027,0.1044,5,5,0,0,5020.0,22750.0,20249514,506,,2.0
3,ttd300,10,1,0.25,76.0,306.0,ttd300_n10_L1_f025,1,ok,-45243.1965,4181.0,49424.1965,988.4839,120.0025,0.1284,5,5,0,0,5020.0,22750.0,20101372,502,,3.0
0,ttd300,10,1,0.5,153.0,306.0,ttd300_n10_L1_f050,1,ok,-45243.1965,4181.0,49424.1965,988.4839,120.0028,36.4417,5,5,0,0,5020.0,22750.0,20344906,508,,1e-06
0.5,ttd300,10,1,0.5,153.0,306.0,ttd300_n10_L1_f050,1,ok,-43646.0413,4181.0,47827.0413,956.5408,120.0026,0.8883,5,4,1,1,5020.0,22750.0,19306076,482,,0.5
1,ttd300,10,1,0.5,153.0,306.0,ttd300_n10_L1_f050,1,ok,-42122.977,6045.0,48167.977,963.3595,120.0021,0.1317,7,5,2,2,7036.0,22750.0,17628834,440,,1.0
2,ttd300,10,1,0.5,153.0,306.0,ttd300_n10_L1_f050,1,ok,-41253.16,4327.0,45580.16,911.6032,120.0021,0.1277,5,3,2,2,5024.0,22750.0,17419084,435,,2.0
3,ttd300,10,1,0.5,153.0,306.0,ttd300_n10_L1_f050,1,ok,-41253.16,4327.0,45580.16,911.6032,120.0021,0.1198,5,3,2,2,5024.0,22750.0,17604137,440,,3.0
0,ttd300,10,1,0.75,230.0,306.0,ttd300_n10_L1_f075,1,ok,-46737.4834,2528.0,49265.4834,985.3097,120.0033,0.0037,3,3,0,0,3016.0,22750.0,20253505,506,,1e-06
0.5,ttd300,10,1,0.75,230.0,306.0,ttd300_n10_L1_f075,1,ok,-41515.0659,4546.0,46061.0659,921.2213,120.003,2.1942,5,4,1,2,5028.0,22750.0,18538560,463,,0.5
1,ttd300,10,1,0.75,230.0,306.0,ttd300_n10_L1_f075,1,ok,-38215.0582,7849.0,46064.0582,921.2812,120.002,2.4735,9,5,4,4,9048.0,22750.0,16150151,403,,1.0
2,ttd300,10,1,0.75,230.0,306.0,ttd300_n10_L1_f075,1,ok,-34623.121,6045.0,40668.121,813.3624,120.002,0.1479,7,4,3,4,7036.0,22750.0,13819845,345,,2.0
3,ttd300,10,1,0.75,230.0,306.0,ttd300_n10_L1_f075,1,ok,-33876.8917,5164.0,39040.8917,780.8178,120.0021,7.4276,6,3,3,4,6031.0,22750.0,13782901,344,,3.0
0,ttd300,10,1,1.0,306.0,306.0,ttd300_n10_L1_f100,1,ok,-45819.116,4327.0,50146.116,1002.9223,120.0038,75.5458,5,5,0,0,5024.0,22750.0,21468656,536,,1e-06
0.5,ttd300,10,1,1.0,306.0,306.0,ttd300_n10_L1_f100,1,ok,-40142.3019,5176.0,45318.3019,906.366,120.003,0.3712,6,5,1,1,6027.0,22750.0,19598786,489,,0.5
1,ttd300,10,1,1.0,306.0,306.0,ttd300_n10_L1_f100,1,ok,-36643.7611,7023.0,43666.7611,873.3352,120.003,12.2997,8,5,3,4,8043.0,22750.0,16663374,416,,1.0
2,ttd300,10,1,1.0,306.0,306.0,ttd300_n10_L1_f100,1,ok,-29669.7658,7849.0,37518.7658,750.3753,120.0023,5.0382,9,4,5,5,9048.0,22750.0,13834404,345,,2.0
3,ttd300,10,1,1.0,306.0,306.0,ttd300_n10_L1_f100,1,ok,-28486.1913,6142.0,34628.1913,692.5638,120.0024,1.9698,7,4,3,5,7038.0,22750.0,13471468,336,,3.0
0,ttd300,20,1,0.25,96.0,384.0,ttd300_n20_L1_f025,1,ok,-67028.8303,7345.0,74373.8303,1487.4766,300.0207,0.0297,8,8,0,0,8024.0,45501.0,36189390,473,,1e-06
1,ttd300,20,1,0.25,96.0,384.0,ttd300_n20_L1_f025,1,ok,-58262.5893,13960.0,72222.5893,1444.4518,300.016,5.2951,16,11,5,6,16063.0,45501.0,31098538,406,,1.0
0.5,ttd300,20,1,0.25,96.0,384.0,ttd300_n20_L1_f025,1,ok,-60871.718,11346.0,72217.718,1444.3544,300.0212,1.7689,13,12,1,1,13060.0,45501.0,34939708,457,,0.5
2,ttd300,20,1,0.25,96.0,384.0,ttd300_n20_L1_f025,1,ok,-54904.7824,12974.0,67878.7824,1357.5756,300.0163,5.2395,15,10,5,6,15059.0,45501.0,29766178,389,,2.0
3,ttd300,20,1,0.25,96.0,384.0,ttd300_n20_L1_f025,1,ok,-54738.1152,12974.0,67712.1152,1354.2423,300.0164,8.1949,15,10,5,6,15059.0,45501.0,29897216,390,,3.0
0,ttd300,20,1,0.5,192.0,384.0,ttd300_n20_L1_f050,1,ok,-67028.8303,7345.0,74373.8303,1487.4766,300.0266,0.0356,8,8,0,0,8024.0,45501.0,36168093,473,,1e-06
0.5,ttd300,20,1,0.5,192.0,384.0,ttd300_n20_L1_f050,1,ok,-57579.8777,12332.0,69911.8777,1398.2376,300.0275,200.1729,14,11,3,3,14064.0,45501.0,33075615,432,,0.5
1,ttd300,20,1,0.5,192.0,384.0,ttd300_n20_L1_f050,1,ok,-52122.495,13218.0,65340.495,1306.8099,300.0438,140.3784,15,10,5,6,15068.0,45501.0,29710620,388,,1.0
2,ttd300,20,1,0.5,192.0,384.0,ttd300_n20_L1_f050,1,ok,-48704.9604,14158.0,62862.9604,1257.2592,300.0921,300.092,16,9,7,8,16068.0,45501.0,27264090,356,,2.0
3,ttd300,20,1,0.5,192.0,384.0,ttd300_n20_L1_f050,1,ok,-47410.4947,14840.0,62250.4947,1245.0099,300.1011,300.1011,17,9,8,8,17066.0,45501.0,26736916,349,,3.0
0,ttd300,20,1,0.75,288.0,384.0,ttd300_n20_L1_f075,1,ok,-67028.8303,7345.0,74373.8303,1487.4766,300.0349,0.043,8,8,0,0,8024.0,45501.0,37563621,491,,1e-06
0.5,ttd300,20,1,0.75,288.0,384.0,ttd300_n20_L1_f075,1,ok,-50335.921,12918.0,63253.921,1265.0784,300.0248,21.253,15,13,2,2,15062.0,45501.0,32970439,431,,0.5
1,ttd300,20,1,0.75,288.0,384.0,ttd300_n20_L1_f075,1,ok,-47050.4429,17523.0,64573.4429,1291.4689,300.032,192.3113,20,15,5,5,20078.0,45501.0,29440628,384,,1.0
3,ttd300,20,1,0.75,288.0,384.0,ttd300_n20_L1_f075,1,ok,-24856.7021,17523.0,42379.7021,847.594,300.2169,229.3657,20,11,9,9,20078.0,45501.0,24713622,322,,3.0
2,ttd300,20,1,0.75,288.0,384.0,ttd300_n20_L1_f075,1,ok,-29438.8579,17523.0,46961.8579,939.2372,300.2974,300.2974,20,11,9,9,20078.0,45501.0,25134547,328,,2.0
0,ttd300,20,1,1.0,384.0,384.0,ttd300_n20_L1_f100,1,ok,-67028.8303,7345.0,74373.8303,1487.4766,300.0432,0.0536,8,8,0,0,8024.0,45501.0,38207860,500,,1e-06
0.5,ttd300,20,1,1.0,384.0,384.0,ttd300_n20_L1_f100,1,ok,-48907.7355,13872.0,62779.7355,1255.5947,300.0415,28.1271,16,13,3,3,16066.0,45501.0,33569726,439,,0.5
2,ttd300,20,1,1.0,384.0,384.0,ttd300_n20_L1_f100,1,ok,-27953.0771,17523.0,45476.0771,909.5215,300.1361,138.0642,20,14,6,6,20078.0,45501.0,25820639,337,,2.0
1,ttd300,20,1,1.0,384.0,384.0,ttd300_n20_L1_f100,1,ok,-41645.6409,17523.0,59168.6409,1183.3728,300.2117,10.5591,20,13,7,7,20078.0,45501.0,30271898,395,,1.0
3,ttd300,20,1,1.0,384.0,384.0,ttd300_n20_L1_f100,1,ok,-22423.237,17523.0,39946.237,798.9247,300.1325,300.1324,20,10,10,10,20078.0,45501.0,24936840,325,,3.0
0,ttd300,30,1,0.25,94.0,374.0,ttd300_n30_L1_f025,1,ok,-65791.0826,17976.0,83767.0826,1675.3417,450.0204,0.7742,21,21,0,0,21108.0,68251.0,43076147,382,,1e-06
0.5,ttd300,30,1,0.25,94.0,374.0,ttd300_n30_L1_f025,1,ok,-59666.25,18707.0,78373.25,1567.465,450.0375,81.2964,22,20,2,3,22112.0,68251.0,39656292,351,,0.5
1,ttd300,30,1,0.25,94.0,374.0,ttd300_n30_L1_f025,1,ok,-57224.1215,20663.0,77887.1215,1557.7424,450.3408,450.3408,24,18,6,8,24120.0,68251.0,36425105,322,,1.0
2,ttd300,30,1,0.25,94.0,374.0,ttd300_n30_L1_f025,1,ok,-52773.6726,21425.0,74198.6726,1483.9735,450.2692,450.2691,25,18,7,9,25122.0,68251.0,34583451,306,,2.0
3,ttd300,30,1,0.25,94.0,374.0,ttd300_n30_L1_f025,1,ok,-51843.4432,21425.0,73268.4432,1465.3689,450.458,450.458,25,18,7,9,25122.0,68251.0,34334314,304,,3.0
0,ttd300,30,1,0.5,187.0,374.0,ttd300_n30_L1_f050,1,ok,-69372.8813,14171.0,83543.8813,1670.8776,450.0216,0.0739,16,16,0,0,16085.0,68251.0,43198204,383,,1e-06
0.5,ttd300,30,1,0.5,187.0,374.0,ttd300_n30_L1_f050,1,ok,-55511.9793,19055.0,74566.9793,1491.3396,450.0745,314.5733,22,18,4,4,22110.0,68251.0,36944718,327,,0.5
1,ttd300,30,1,0.5,187.0,374.0,ttd300_n30_L1_f050,1,ok,-47022.819,22951.0,69973.819,1399.4764,450.7422,450.7421,27,20,7,8,27130.0,68251.0,33246111,294,,1.0
2,ttd300,30,1,0.5,187.0,374.0,ttd300_n30_L1_f050,1,ok,-36714.6248,24492.0,61206.6248,1224.1325,450.0158,104.9116,29,16,13,13,29150.0,68251.0,30034664,265,,2.0
3,ttd300,30,1,0.5,187.0,374.0,ttd300_n30_L1_f050,1,ok,-33952.1478,24492.0,58444.1478,1168.883,450.0139,369.7162,29,15,14,14,29150.0,68251.0,29361225,259,,3.0
0,ttd300,30,1,0.75,280.0,374.0,ttd300_n30_L1_f075,1,ok,-69372.8813,14171.0,83543.8813,1670.8776,450.0251,0.0763,16,16,0,0,16085.0,68251.0,45121798,400,,1e-06
0.5,ttd300,30,1,0.75,280.0,374.0,ttd300_n30_L1_f075,1,ok,-54492.3213,18966.0,73458.3213,1469.1664,450.1431,406.6391,22,19,3,4,22116.0,68251.0,38284395,339,,0.5
3,ttd300,30,1,0.75,280.0,374.0,ttd300_n30_L1_f075,1,ok,-24689.1604,24668.0,49357.1604,987.1432,450.013,358.698,29,15,14,15,29146.0,68251.0,28498655,252,,3.0
2,ttd300,30,1,0.75,280.0,374.0,ttd300_n30_L1_f075,1,ok,-30403.5404,24668.0,55071.5404,1101.4308,450.2085,450.2085,29,18,11,11,29146.0,68251.0,29996735,265,,2.0
1,ttd300,30,1,0.75,280.0,374.0,ttd300_n30_L1_f075,1,ok,-44406.2195,23404.0,67810.2195,1356.2044,450.5892,450.5892,27,20,7,7,27136.0,68251.0,33391844,295,,1.0
0,ttd300,30,1,1.0,374.0,374.0,ttd300_n30_L1_f100,1,ok,-69372.8813,14171.0,83543.8813,1670.8776,450.0242,0.079,16,16,0,0,16085.0,68251.0,46390191,411,,1e-06
0.5,ttd300,30,1,1.0,374.0,374.0,ttd300_n30_L1_f100,1,ok,-51687.3319,21558.0,73245.3319,1464.9066,450.0923,4.057,25,23,2,3,25122.0,68251.0,38801646,343,,0.5
2,ttd300,30,1,1.0,374.0,374.0,ttd300_n30_L1_f100,1,ok,-29843.0387,25223.0,55066.0387,1101.3208,450.0159,116.2495,30,16,14,14,30154.0,68251.0,29935836,264,,2.0
1,ttd300,30,1,1.0,374.0,374.0,ttd300_n30_L1_f100,1,ok,-40681.4156,23879.0,64560.4156,1291.2083,451.1682,451.1682,28,22,6,7,28140.0,68251.0,33786617,298,,1.0
3,ttd300,30,1,1.0,374.0,374.0,ttd300_n30_L1_f100,1,ok,-23335.6199,24690.0,48025.6199,960.5124,450.0163,395.5176,29,16,13,14,29148.0,68251.0,28648292,253,,3.0
0,ttd300,40,1,0.25,94.0,378.0,ttd300_n40_L1_f025,1,ok,-61253.8441,27495.0,88748.8441,1774.9769,600.0409,11.0898,31,31,0,0,31152.0,91001.0,46888927,314,,1e-06
0.5,ttd300,40,1,0.25,94.0,378.0,ttd300_n40_L1_f025,1,ok,-55519.6249,32200.0,87719.6249,1754.3925,600.0941,82.7666,37,34,3,4,37172.0,91001.0,44439473,297,,0.5
1,ttd300,40,1,0.25,94.0,378.0,ttd300_n40_L1_f025,1,ok,-49771.3245,32200.0,81971.3245,1639.4265,600.0981,600.098,37,26,11,12,37172.0,91001.0,40413145,270,,1.0
2,ttd300,40,1,0.25,94.0,378.0,ttd300_n40_L1_f025,1,ok,-43626.2665,31792.0,75418.2665,1508.3653,600.0315,262.1695,36,24,12,14,36164.0,91001.0,37660229,252,,2.0
3,ttd300,40,1,0.25,94.0,378.0,ttd300_n40_L1_f025,1,ok,-42678.709,31838.0,74516.709,1490.3342,600.0293,478.1036,36,22,14,16,36163.0,91001.0,37976639,254,,3.0
0,ttd300,40,1,0.5,189.0,378.0,ttd300_n40_L1_f050,1,ok,-63497.9961,27719.0,91216.9961,1824.3399,600.0433,0.1199,31,31,0,0,31156.0,91001.0,47390697,317,,1e-06
0.5,ttd300,40,1,0.5,189.0,378.0,ttd300_n40_L1_f050,1,ok,-52149.5049,31133.0,83282.5049,1665.6501,600.383,600.383,36,32,4,5,36170.0,91001.0,42310783,283,,0.5
1,ttd300,40,1,0.5,189.0,378.0,ttd300_n40_L1_f050,1,ok,-42051.0409,31838.0,73889.0409,1477.7808,600.2261,600.2261,36,27,9,11,36163.0,91001.0,36462819,243,,1.0
2,ttd300,40,1,0.5,189.0,378.0,ttd300_n40_L1_f050,1,ok,-32699.0651,33658.0,66357.0651,1327.1413,600.0346,67.5466,39,23,16,16,39181.0,91001.0,33798752,225,,2.0
3,ttd300,40,1,0.5,189.0,378.0,ttd300_n40_L1_f050,1,ok,-30772.2835,34418.0,65190.2835,1303.8057,600.0298,32.8663,40,21,19,19,40182.0,91001.0,33397340,223,,3.0
0,ttd300,40,1,0.75,284.0,378.0,ttd300_n40_L1_f075,1,ok,-63497.9961,27719.0,91216.9961,1824.3399,600.046,0.1214,31,31,0,0,31156.0,91001.0,48840126,327,,1e-06
0.5,ttd300,40,1,0.75,284.0,378.0,ttd300_n40_L1_f075,1,ok,-50573.3605,32056.0,82629.3605,1652.5872,600.2621,475.0019,37,33,4,4,37178.0,91001.0,42325236,283,,0.5
1,ttd300,40,1,0.75,284.0,378.0,ttd300_n40_L1_f075,1,ok,-41720.1784,31838.0,73558.1784,1471.1636,600.3327,600.3327,36,28,8,10,36163.0,91001.0,36188669,241,,1.0
2,ttd300,40,1,0.75,284.0,378.0,ttd300_n40_L1_f075,1,ok,-32803.6789,34418.0,67221.6789,1344.4336,600.0342,194.2963,40,23,17,17,40182.0,91001.0,33899564,226,,2.0
3,ttd300,40,1,0.75,284.0,378.0,ttd300_n40_L1_f075,1,ok,-28264.0687,33154.0,61418.0687,1228.3614,600.0336,420.6911,38,22,16,17,38173.0,91001.0,33476244,223,,3.0
0,ttd300,40,1,1.0,378.0,378.0,ttd300_n40_L1_f100,1,ok,-63497.9961,27719.0,91216.9961,1824.3399,600.0501,0.1249,31,31,0,0,31156.0,91001.0,49887673,334,,1e-06
0.5,ttd300,40,1,1.0,378.0,378.0,ttd300_n40_L1_f100,1,ok,-51382.3069,32056.0,83438.3069,1668.7661,600.4274,444.9343,37,33,4,4,37178.0,91001.0,42864049,287,,0.5
2,ttd300,40,1,1.0,378.0,378.0,ttd300_n40_L1_f100,1,ok,-32515.4175,34418.0,66933.4175,1338.6684,600.0349,98.3492,40,24,16,16,40182.0,91001.0,33873936,226,,2.0
3,ttd300,40,1,1.0,378.0,378.0,ttd300_n40_L1_f100,1,ok,-27742.3284,33756.0,61498.3284,1229.9666,600.033,9.7851,39,22,17,17,39176.0,91001.0,32809179,219,,3.0
1,ttd300,40,1,1.0,378.0,378.0,ttd300_n40_L1_f100,1,ok,-40531.8616,32598.0,73129.8616,1462.5972,606.0504,606.0503,37,27,10,10,37164.0,91001.0,35683049,238,,1.0
0,ttd300,50,1,0.25,94.0,374.0,ttd300_n50_L1_f025,1,ok,-76863.5566,34580.0,111443.5566,2228.8711,750.2011,750.2011,40,40,0,0,40201.0,113752.0,49841008,268,,1e-06
0.5,ttd300,50,1,0.25,94.0,374.0,ttd300_n50_L1_f025,1,ok,-56178.2865,38062.0,94240.2865,1884.8057,750.6062,750.6061,46,40,6,6,46213.0,113752.0,45893250,247,,0.5
1,ttd300,50,1,0.25,94.0,374.0,ttd300_n50_L1_f025,1,ok,-50965.3576,40082.0,91047.3576,1820.9472,750.0899,750.0899,49,36,13,13,49231.0,113752.0,40772458,218,,1.0
2,ttd300,50,1,0.25,94.0,374.0,ttd300_n50_L1_f025,1,ok,-45766.8095,39357.0,85123.8095,1702.4762,750.0518,107.7074,48,30,18,18,48222.0,113752.0,39356856,211,,2.0
3,ttd300,50,1,0.25,94.0,374.0,ttd300_n50_L1_f025,1,ok,-42851.4094,40082.0,82933.4094,1658.6682,750.0514,327.2144,49,30,19,19,49231.0,113752.0,39098394,209,,3.0
0,ttd300,50,1,0.5,187.0,374.0,ttd300_n50_L1_f050,1,ok,-77068.9992,34580.0,111648.9992,2232.98,750.1492,750.1491,40,40,0,0,40201.0,113752.0,50166440,270,,1e-06
0.5,ttd300,50,1,0.5,187.0,374.0,ttd300_n50_L1_f050,1,ok,-54750.8262,37272.0,92022.8262,1840.4565,750.7662,750.7662,45,41,4,5,45212.0,113752.0,43381908,233,,0.5
1,ttd300,50,1,0.5,187.0,374.0,ttd300_n50_L1_f050,1,ok,-40610.3944,39357.0,79967.3944,1599.3479,750.33,750.33,48,38,10,10,48222.0,113752.0,39530481,212,,1.0
2,ttd300,50,1,0.5,187.0,374.0,ttd300_n50_L1_f050,1,ok,-27172.9973,40611.0,67783.9973,1355.6799,750.1091,750.109,50,29,21,21,50238.0,113752.0,37000121,198,,2.0
3,ttd300,50,1,0.5,187.0,374.0,ttd300_n50_L1_f050,1,ok,-27115.3091,40082.0,67197.3091,1343.9462,750.0542,691.6264,49,29,20,20,49231.0,113752.0,35845865,191,,3.0
0,ttd300,50,1,0.75,280.0,374.0,ttd300_n50_L1_f075,1,ok,-78498.5027,34082.0,112580.5027,2251.6101,750.1563,750.1563,39,39,0,0,39195.0,113752.0,51782267,279,,1e-06
0.5,ttd300,50,1,0.75,280.0,374.0,ttd300_n50_L1_f075,1,ok,-53983.3857,36961.0,90944.3857,1818.8877,751.1965,751.1965,44,39,5,5,44220.0,113752.0,43830704,235,,0.5
1,ttd300,50,1,0.75,280.0,374.0,ttd300_n50_L1_f075,1,ok,-41498.8188,39559.0,81057.8188,1621.1564,752.8129,752.8128,48,36,12,12,48230.0,113752.0,39495798,211,,1.0
2,ttd300,50,1,0.75,280.0,374.0,ttd300_n50_L1_f075,1,ok,-27165.9067,40611.0,67776.9067,1355.5381,750.0949,750.0949,50,32,18,18,50238.0,113752.0,36424081,195,,2.0
3,ttd300,50,1,0.75,280.0,374.0,ttd300_n50_L1_f075,1,ok,-24488.0731,40611.0,65099.0731,1301.9815,750.0514,404.4569,50,27,23,23,50238.0,113752.0,35338503,189,,3.0
0,ttd300,50,1,1.0,374.0,374.0,ttd300_n50_L1_f100,1,ok,-76518.5956,34475.0,110993.5956,2219.8719,750.2638,750.2637,40,40,0,0,40197.0,113752.0,53041494,285,,1e-06
2,ttd300,50,1,1.0,374.0,374.0,ttd300_n50_L1_f100,1,ok,-27858.3954,40082.0,67940.3954,1358.8079,750.1288,750.1287,49,31,18,18,49231.0,113752.0,36283752,194,,2.0
0.5,ttd300,50,1,1.0,374.0,374.0,ttd300_n50_L1_f100,1,ok,-53072.5401,38080.0,91152.5401,1823.0508,756.1983,756.1982,46,40,6,6,46218.0,113752.0,44025439,236,,0.5
1,ttd300,50,1,1.0,374.0,374.0,ttd300_n50_L1_f100,1,ok,-41914.5692,40082.0,81996.5692,1639.9314,751.9575,751.9574,49,39,10,10,49231.0,113752.0,39605573,212,,1.0
3,ttd300,50,1,1.0,374.0,374.0,ttd300_n50_L1_f100,1,ok,-21902.182,40611.0,62513.182,1250.2636,750.0573,687.506,50,31,19,19,50238.0,113752.0,35196847,188,,3.0
0,ttd300,75,1,0.25,94.0,374.0,ttd300_n75_L1_f025,1,ok,-66535.9463,53859.0,120394.9463,2407.8989,975.1878,203.3745,65,65,0,0,65268.0,170628.0,47597710,172,,1e-06
1,ttd300,75,1,0.25,94.0,374.0,ttd300_n75_L1_f025,1,ok,-50756.9198,57102.0,107858.9198,2157.1784,975.3333,975.3333,71,52,19,19,71295.0,170628.0,39224502,140,,1.0
0.5,ttd300,75,1,0.25,94.0,374.0,ttd300_n75_L1_f025,1,ok,-58582.7618,55686.0,114268.7618,2285.3752,977.9933,977.9933,68,58,10,10,68277.0,170628.0,41701445,150,,0.5
2,ttd300,75,1,0.25,94.0,374.0,ttd300_n75_L1_f025,1,ok,-42879.8254,57688.0,100567.8254,2011.3565,975.3314,975.3314,72,42,30,30,72302.0,170628.0,37364060,134,,2.0
3,ttd300,75,1,0.25,94.0,374.0,ttd300_n75_L1_f025,1,ok,-41332.5544,56703.0,98035.5544,1960.7111,975.3354,975.3353,70,41,29,31,70292.0,170628.0,37282383,133,,3.0
0,ttd300,75,1,0.5,187.0,374.0,ttd300_n75_L1_f050,1,ok,-80272.4982,54817.0,135089.4982,2701.79,975.3134,975.3133,68,68,0,0,68277.0,170628.0,48328485,174,,1e-06
1,ttd300,75,1,0.5,187.0,374.0,ttd300_n75_L1_f050,1,ok,-46723.2057,57180.0,103903.2057,2078.0641,975.5252,975.5252,72,58,14,15,72316.0,170628.0,37971014,136,,1.0
0.5,ttd300,75,1,0.5,187.0,374.0,ttd300_n75_L1_f050,1,ok,-56289.1099,56245.0,112534.1099,2250.6822,1025.0544,1025.0543,69,60,9,9,69286.0,170628.0,40419922,145,,0.5
2,ttd300,75,1,0.5,187.0,374.0,ttd300_n75_L1_f050,1,ok,-33963.2147,58031.0,91994.2147,1839.8843,975.3643,975.3643,73,47,26,26,73308.0,170628.0,35565642,127,,2.0
3,ttd300,75,1,0.5,187.0,374.0,ttd300_n75_L1_f050,1,ok,-26822.0064,58114.0,84936.0064,1698.7201,975.7271,975.7271,73,43,30,30,73309.0,170628.0,35147361,125,,3.0
0,ttd300,75,1,0.75,280.0,374.0,ttd300_n75_L1_f075,1,ok,-80434.0587,54817.0,135251.0587,2705.0212,975.235,1.0448,68,68,0,0,68277.0,170628.0,49734907,179,,1e-06
0.5,ttd300,75,1,0.75,280.0,374.0,ttd300_n75_L1_f075,1,ok,-54265.4957,58114.0,112379.4957,2247.5899,1014.8101,1014.8101,73,65,8,8,73309.0,170628.0,40248629,144,,0.5
1,ttd300,75,1,0.75,280.0,374.0,ttd300_n75_L1_f075,1,ok,-45282.7547,58114.0,103396.7547,2067.9351,975.1597,323.3059,73,58,15,15,73309.0,170628.0,37953031,136,,1.0
2,ttd300,75,1,0.75,280.0,374.0,ttd300_n75_L1_f075,1,ok,-34560.7144,58888.0,93448.7144,1868.9743,975.3533,975.3533,75,52,23,23,75317.0,170628.0,35969218,128,,2.0
3,ttd300,75,1,0.75,280.0,374.0,ttd300_n75_L1_f075,1,ok,-27905.7777,57594.0,85499.7777,1709.9956,975.4855,975.4855,72,46,26,28,72302.0,170628.0,34528204,123,,3.0
0,ttd300,75,1,1.0,374.0,374.0,ttd300_n75_L1_f100,1,ok,-80272.4982,54817.0,135089.4982,2701.79,975.3724,975.3724,68,68,0,0,68277.0,170628.0,51463824,185,,1e-06
0.5,ttd300,75,1,1.0,374.0,374.0,ttd300_n75_L1_f100,1,ok,-55126.4488,55579.0,110705.4488,2214.109,1005.5317,1005.5317,68,61,7,7,68279.0,170628.0,42319771,151,,0.5
1,ttd300,75,1,1.0,374.0,374.0,ttd300_n75_L1_f100,1,ok,-46100.1067,57230.0,103330.1067,2066.6021,975.2743,975.2743,71,56,15,15,71296.0,170628.0,39256454,140,,1.0
2,ttd300,75,1,1.0,374.0,374.0,ttd300_n75_L1_f100,1,ok,-31553.7415,58888.0,90441.7415,1808.8348,975.5749,975.5749,75,53,22,22,75317.0,170628.0,35838829,128,,2.0
3,ttd300,75,1,1.0,374.0,374.0,ttd300_n75_L1_f100,1,ok,-27110.9187,57688.0,84798.9187,1695.9784,975.2511,975.251,72,46,26,27,72302.0,170628.0,34862269,124,,3.0
0,ttd300,100,1,0.25,98.0,393.0,ttd300_n100_L1_f025,1,ok,-74047.4168,82099.0,156146.4168,3122.9283,1200.3607,1044.1308,96,96,0,0,96478.0,227504.0,46034543,125,,1e-06
0.5,ttd300,100,1,0.25,98.0,393.0,ttd300_n100_L1_f025,1,ok,-65018.1145,79857.0,144875.1145,2897.5023,1201.2903,1201.2902,92,82,10,10,92455.0,227504.0,40738485,110,,0.5
1,ttd300,100,1,0.25,98.0,393.0,ttd300_n100_L1_f025,1,ok,-55172.147,82763.0,137935.147,2758.7029,1200.8301,1200.83,97,78,19,20,97482.0,227504.0,39002626,104,,1.0
2,ttd300,100,1,0.25,98.0,393.0,ttd300_n100_L1_f025,1,ok,-44719.495,82710.0,127429.495,2548.5899,1200.5084,1200.5083,97,66,31,31,97482.0,227504.0,37562403,100,,2.0
3,ttd300,100,1,0.25,98.0,393.0,ttd300_n100_L1_f025,1,ok,-40429.709,83189.0,123618.709,2472.3742,1200.4056,1200.4055,98,69,29,30,98482.0,227504.0,37549218,100,,3.0
0,ttd300,100,1,0.5,196.0,393.0,ttd300_n100_L1_f050,1,ok,-89452.6473,78659.0,168111.6473,3362.2329,1200.7091,1200.709,90,90,0,0,90453.0,227504.0,46412200,126,,1e-06
0.5,ttd300,100,1,0.5,196.0,393.0,ttd300_n100_L1_f050,1,ok,-62420.1985,81044.0,143464.1985,2869.284,1310.6094,1310.6093,94,85,9,9,94465.0,227504.0,23038318,60,,0.5
1,ttd300,100,1,0.5,196.0,393.0,ttd300_n100_L1_f050,1,ok,-51199.5523,83677.0,134876.5523,2697.531,1200.5426,1200.5425,99,81,18,18,99488.0,227504.0,36864011,99,,1.0
2,ttd300,100,1,0.5,196.0,393.0,ttd300_n100_L1_f050,1,ok,-36373.4734,83464.0,119837.4734,2396.7495,1200.7649,1200.7649,99,68,31,31,99489.0,227504.0,35391103,94,,2.0
3,ttd300,100,1,0.5,196.0,393.0,ttd300_n100_L1_f050,1,ok,-27589.5153,83677.0,111266.5153,2225.3303,1200.527,1200.5269,99,66,33,34,99488.0,227504.0,35007489,93,,3.0
0,ttd300,100,1,0.75,295.0,393.0,ttd300_n100_L1_f075,1,ok,-86892.6966,78007.0,164899.6966,3297.9939,1201.1789,1201.1788,89,89,0,0,89451.0,227504.0,48614847,131,,1e-06
0.5,ttd300,100,1,0.75,295.0,393.0,ttd300_n100_L1_f075,1,ok,-61686.1944,81707.0,143393.1944,2867.8639,1240.2901,1240.2901,95,86,9,10,95472.0,227504.0,16701773,43,,0.5
1,ttd300,100,1,0.75,295.0,393.0,ttd300_n100_L1_f075,1,ok,-51361.5652,83198.0,134559.5652,2691.1913,1200.6725,1200.6725,98,83,15,16,98488.0,227504.0,37548137,100,,1.0
2,ttd300,100,1,0.75,295.0,393.0,ttd300_n100_L1_f075,1,ok,-32453.3845,82708.0,115161.3845,2303.2277,1200.4843,1200.4842,97,72,25,25,97483.0,227504.0,35389097,94,,2.0
3,ttd300,100,1,0.75,295.0,393.0,ttd300_n100_L1_f075,1,ok,-35352.3873,83943.0,119295.3873,2385.9077,1200.635,1200.6349,100,65,35,35,100489.0,227504.0,34310995,91,,3.0
0,ttd300,100,1,1.0,393.0,393.0,ttd300_n100_L1_f100,1,ok,-88827.2163,78659.0,167486.2163,3349.7243,1200.7029,1200.7029,90,90,0,0,90453.0,227504.0,49578845,134,,1e-06
1,ttd300,100,1,1.0,393.0,393.0,ttd300_n100_L1_f100,1,ok,-50633.9457,83251.0,133884.9457,2677.6989,1200.4582,1200.4582,98,85,13,13,98488.0,227504.0,36525757,98,,1.0
2,ttd300,100,1,1.0,393.0,393.0,ttd300_n100_L1_f100,1,ok,-38667.296,83251.0,121918.296,2438.3659,1201.6492,1201.6491,98,67,31,31,98488.0,227504.0,34873031,93,,2.0
3,ttd300,100,1,1.0,393.0,393.0,ttd300_n100_L1_f100,1,ok,-34006.5371,83943.0,117949.5371,2358.9907,1200.2921,1096.8929,100,63,37,37,100489.0,227504.0,34338492,92,,3.0
0.5,ttd300,100,1,1.0,393.0,393.0,ttd300_n100_L1_f100,1,ok,-57663.6859,80489.0,138152.6859,2763.0537,1719.3314,1719.3313,93,83,10,10,93460.0,227504.0,7256924,17,,0.5
