timestamp,n,wall_s,solve_s,objective,bound,gap_%,profit,rental,arrival,n_items,n_truck,n_drone,n_rendv,W_final,n_nodes,collected_node_ids,truck_node_ids,drone_node_ids,rendezvous_node_ids,truck_route_node_ids,drone_arc_node_ids,W_sequence
2026-06-17 11:44:12,15,1.6,0.2,-68330.22,-4590.28,93.28,11943.0,80273.22,1104.1708,15,15,0,0,15068.0,0,"[108, 7, 268, 20, 82, 124, 10, 30, 77, 190, 61, 175, 240, 184, 145]","[108, 7, 268, 20, 82, 124, 10, 30, 77, 190, 61, 175, 240, 184, 145]",[],[],"[1, 7, 10, 268, 20, 124, 30, 61, 82, 108, 77, 175, 184, 190, 145, 240, 1]","[(1, 1)]","[(1, 0.0), (7, 1001.0), (10, 2002.0), (268, 3004.0), (20, 4012.0), (124, 5017.0), (30, 6025.0), (61, 7026.0), (82, 8035.0), (108, 9044.0), (77, 10046.0), (175, 11048.0), (184, 12053.0), (190, 13062.0), (145, 14066.0), (240, 15068.0), (1, 15068.0)]"
2026-06-17 11:44:19,15,8.4,7.1,-67731.79,-9336.7,86.22,10442.0,78173.79,1075.2929,13,13,0,0,13058.0,0,"[108, 7, 268, 20, 82, 124, 10, 190, 61, 175, 240, 184, 145]","[108, 7, 268, 20, 82, 124, 10, 190, 61, 175, 240, 184, 145]",[],[],"[1, 7, 10, 268, 20, 124, 30, 82, 77, 108, 61, 175, 184, 190, 145, 240, 1]","[(1, 1)]","[(1, 0.0), (7, 1001.0), (10, 2002.0), (268, 3004.0), (20, 4012.0), (124, 5017.0), (30, 5017.0), (82, 6026.0), (77, 6026.0), (108, 7035.0), (61, 8036.0), (175, 9038.0), (184, 10043.0), (190, 11052.0), (145, 12056.0), (240, 13058.0), (1, 13058.0)]"
2026-06-17 11:44:19,15,8.4,7.1,-61495.07,-9336.7,84.82,10442.0,71937.07,989.5058,13,13,0,0,13058.0,0,"[108, 7, 268, 20, 82, 124, 10, 190, 61, 175, 240, 184, 145]","[108, 7, 268, 20, 82, 124, 10, 190, 61, 175, 240, 184, 145]",[],[],"[1, 7, 10, 268, 20, 124, 30, 61, 82, 77, 108, 175, 184, 190, 145, 240, 1]","[(1, 1)]","[(1, 0.0), (7, 1001.0), (10, 2002.0), (268, 3004.0), (20, 4012.0), (124, 5017.0), (30, 5017.0), (61, 6018.0), (82, 7027.0), (77, 7027.0), (108, 8036.0), (175, 9038.0), (184, 10043.0), (190, 11052.0), (145, 12056.0), (240, 13058.0), (1, 13058.0)]"
2026-06-17 11:44:19,15,8.5,7.1,-61184.56,-9336.7,84.74,10442.0,71626.56,985.2347,13,13,0,0,13058.0,0,"[108, 7, 268, 20, 82, 124, 10, 190, 61, 175, 240, 184, 145]","[108, 7, 268, 20, 82, 124, 10, 190, 61, 175, 240, 184, 145]",[],[],"[1, 7, 10, 268, 20, 124, 30, 61, 77, 82, 108, 175, 184, 190, 145, 240, 1]","[(1, 1)]","[(1, 0.0), (7, 1001.0), (10, 2002.0), (268, 3004.0), (20, 4012.0), (124, 5017.0), (30, 5017.0), (61, 6018.0), (77, 6018.0), (82, 7027.0), (108, 8036.0), (175, 9038.0), (184, 10043.0), (190, 11052.0), (145, 12056.0), (240, 13058.0), (1, 13058.0)]"
2026-06-17 11:44:19,15,8.6,7.2,-56240.41,-9336.7,83.4,11411.0,67651.41,930.5558,14,13,1,0,14060.0,0,"[108, 7, 268, 20, 82, 124, 10, 77, 190, 61, 175, 240, 184, 145]","[108, 7, 268, 20, 82, 124, 10, 190, 61, 175, 240, 184, 145]",[77],[],"[1, 7, 10, 268, 20, 124, 30, 61, 82, 108, 175, 184, 190, 145, 240, 1]","[(1, 77), (77, 1)]","[(1, 0.0), (7, 1001.0), (10, 2002.0), (268, 3004.0), (20, 4012.0), (124, 5017.0), (30, 5017.0), (61, 6018.0), (82, 7027.0), (108, 8036.0), (175, 9038.0), (184, 10043.0), (190, 11052.0), (145, 12056.0), (240, 13058.0), (1, 14060.0)]"
2026-06-17 11:44:20,15,9.1,7.8,-55362.35,-9538.62,82.77,11411.0,66773.35,918.478,14,13,1,0,14060.0,7,"[108, 7, 268, 20, 82, 124, 10, 77, 190, 61, 175, 240, 184, 145]","[108, 7, 268, 20, 82, 124, 10, 190, 61, 175, 240, 184, 145]",[77],[],"[1, 7, 10, 268, 20, 30, 124, 61, 82, 108, 175, 184, 190, 145, 240, 1]","[(1, 77), (77, 1)]","[(1, 0.0), (7, 1001.0), (10, 2002.0), (268, 3004.0), (20, 4012.0), (30, 4012.0), (124, 5017.0), (61, 6018.0), (82, 7027.0), (108, 8036.0), (175, 9038.0), (184, 10043.0), (190, 11052.0), (145, 12056.0), (240, 13058.0), (1, 14060.0)]"
2026-06-17 11:44:20,15,9.5,8.1,-53571.86,-10321.89,80.73,9280.0,62851.86,864.5372,11,10,1,0,11046.0,28,"[108, 7, 268, 20, 124, 77, 190, 61, 175, 240, 184]","[108, 7, 268, 20, 124, 190, 61, 175, 240, 184]",[77],[],"[1, 7, 10, 268, 20, 30, 124, 61, 82, 108, 175, 184, 190, 145, 240, 1]","[(1, 77), (77, 1)]","[(1, 0.0), (7, 1001.0), (10, 1001.0), (268, 2003.0), (20, 3011.0), (30, 3011.0), (124, 4016.0), (61, 5017.0), (82, 5017.0), (108, 6026.0), (175, 7028.0), (184, 8033.0), (190, 9042.0), (145, 9042.0), (240, 10044.0), (1, 11046.0)]"
2026-06-17 11:44:21,15,9.9,8.5,-52642.83,-10571.83,79.92,8406.0,61048.83,839.7363,10,9,1,0,10045.0,48,"[108, 268, 20, 124, 77, 190, 61, 175, 240, 184]","[108, 268, 20, 124, 190, 61, 175, 240, 184]",[77],[],"[1, 7, 10, 268, 20, 30, 124, 61, 82, 108, 175, 184, 190, 145, 240, 1]","[(1, 77), (77, 1)]","[(1, 0.0), (7, 0.0), (10, 0.0), (268, 1002.0), (20, 2010.0), (30, 2010.0), (124, 3015.0), (61, 4016.0), (82, 4016.0), (108, 5025.0), (175, 6027.0), (184, 7032.0), (190, 8041.0), (145, 8041.0), (240, 9043.0), (1, 10045.0)]"
2026-06-17 11:44:21,15,10.6,9.2,-52623.28,-10834.18,79.41,6868.0,59491.28,818.312,8,7,1,0,8041.0,66,"[108, 20, 124, 77, 190, 61, 240, 184]","[108, 20, 124, 190, 61, 240, 184]",[77],[],"[1, 7, 10, 268, 20, 124, 30, 61, 82, 108, 175, 184, 190, 145, 240, 1]","[(1, 77), (77, 1)]","[(1, 0.0), (7, 0.0), (10, 0.0), (268, 0.0), (20, 1008.0), (124, 2013.0), (30, 2013.0), (61, 3014.0), (82, 3014.0), (108, 4023.0), (175, 4023.0), (184, 5028.0), (190, 6037.0), (145, 6037.0), (240, 7039.0), (1, 8041.0)]"
2026-06-17 11:44:22,15,10.8,9.4,-48087.12,-11033.12,77.06,6868.0,54955.12,755.9164,8,5,2,1,8041.0,74,"[108, 20, 124, 77, 190, 61, 240, 184]","[20, 124, 61, 240, 184]","[77, 190]",[108],"[1, 7, 10, 268, 20, 124, 30, 61, 108, 175, 184, 145, 240, 1]","[(1, 190), (108, 77), (82, 108), (30, 82), (77, 1), (190, 30)]","[(1, 0.0), (7, 0.0), (10, 0.0), (268, 0.0), (20, 1008.0), (124, 2013.0), (30, 3022.0), (61, 4023.0), (108, 5032.0), (175, 5032.0), (184, 6037.0), (145, 6037.0), (240, 7039.0), (1, 8041.0)]"
2026-06-17 11:44:22,15,11.5,10.1,-47297.29,-11586.67,75.5,6868.0,54165.29,745.0521,8,5,2,1,8041.0,125,"[108, 20, 124, 77, 190, 61, 240, 184]","[20, 124, 61, 240, 184]","[77, 190]",[108],"[1, 7, 10, 268, 20, 30, 124, 61, 108, 175, 184, 145, 240, 1]","[(1, 190), (108, 77), (82, 108), (30, 82), (77, 1), (190, 30)]","[(1, 0.0), (7, 0.0), (10, 0.0), (268, 0.0), (20, 1008.0), (30, 2017.0), (124, 3022.0), (61, 4023.0), (108, 5032.0), (175, 5032.0), (184, 6037.0), (145, 6037.0), (240, 7039.0), (1, 8041.0)]"
2026-06-17 11:44:23,15,12.2,10.8,-46933.16,-11829.39,74.8,7674.0,54607.16,751.1301,9,5,3,1,9050.0,169,"[108, 20, 82, 124, 77, 190, 61, 240, 184]","[20, 124, 61, 240, 184]","[82, 77, 190]",[108],"[1, 7, 10, 268, 20, 30, 124, 61, 108, 175, 184, 145, 240, 1]","[(1, 190), (108, 82), (82, 175), (77, 1), (190, 108), (175, 77)]","[(1, 0.0), (7, 0.0), (10, 0.0), (268, 0.0), (20, 1008.0), (30, 1008.0), (124, 2013.0), (61, 3014.0), (108, 5032.0), (175, 6041.0), (184, 7046.0), (145, 7046.0), (240, 8048.0), (1, 9050.0)]"
2026-06-17 11:44:23,15,12.5,11.1,-46883.47,-11943.84,74.52,6865.0,53748.47,739.3188,8,5,2,1,8041.0,185,"[108, 20, 82, 124, 77, 61, 240, 184]","[20, 124, 61, 240, 184]","[82, 77]",[108],"[1, 7, 10, 268, 20, 30, 124, 61, 108, 175, 184, 145, 240, 1]","[(1, 190), (108, 82), (82, 175), (77, 1), (190, 108), (175, 77)]","[(1, 0.0), (7, 0.0), (10, 0.0), (268, 0.0), (20, 1008.0), (30, 1008.0), (124, 2013.0), (61, 3014.0), (108, 4023.0), (175, 5032.0), (184, 6037.0), (145, 6037.0), (240, 7039.0), (1, 8041.0)]"
2026-06-17 11:44:24,15,13.0,11.6,-46317.33,-12005.77,74.08,6943.0,53260.33,732.6043,8,4,2,2,8035.0,200,"[108, 82, 124, 77, 61, 175, 240, 184]","[124, 61, 240, 184]","[82, 77]","[108, 175]","[1, 7, 10, 268, 20, 30, 124, 61, 108, 175, 184, 145, 240, 1]","[(1, 190), (108, 82), (82, 175), (77, 1), (190, 108), (175, 77)]","[(1, 0.0), (7, 0.0), (10, 0.0), (268, 0.0), (20, 0.0), (30, 0.0), (124, 1005.0), (61, 2006.0), (108, 3015.0), (175, 5026.0), (184, 6031.0), (145, 6031.0), (240, 7033.0), (1, 8035.0)]"
2026-06-17 11:44:25,15,13.8,12.4,-45154.13,-12298.15,72.76,6943.0,52097.13,716.6043,8,3,2,3,8035.0,238,"[108, 82, 124, 77, 61, 175, 240, 184]","[61, 240, 184]","[82, 77]","[108, 124, 175]","[1, 7, 10, 268, 20, 124, 61, 108, 175, 184, 145, 240, 1]","[(1, 190), (108, 82), (82, 175), (124, 30), (30, 108), (77, 1), (190, 124), (175, 77)]","[(1, 0.0), (7, 0.0), (10, 0.0), (268, 0.0), (20, 0.0), (124, 1005.0), (61, 2006.0), (108, 3015.0), (175, 5026.0), (184, 6031.0), (145, 6031.0), (240, 7033.0), (1, 8035.0)]"
2026-06-17 11:44:26,15,15.0,13.6,-45154.13,-12468.85,72.39,6943.0,52097.13,716.6043,8,3,2,3,8035.0,275,"[108, 82, 124, 77, 61, 175, 240, 184]","[61, 240, 184]","[82, 77]","[108, 124, 175]","[1, 7, 10, 268, 20, 124, 61, 108, 175, 184, 145, 240, 1]","[(1, 190), (108, 82), (82, 175), (124, 30), (30, 108), (77, 1), (190, 124), (175, 77)]","[(1, 0.0), (7, 0.0), (10, 0.0), (268, 0.0), (20, 0.0), (124, 1005.0), (61, 2006.0), (108, 3015.0), (175, 5026.0), (184, 6031.0), (145, 6031.0), (240, 7033.0), (1, 8035.0)]"
2026-06-17 11:44:26,15,15.0,13.6,-45081.66,-12480.4,72.32,6943.0,52024.66,715.6075,8,3,2,3,8035.0,284,"[108, 82, 124, 77, 61, 175, 240, 184]","[61, 175, 240]","[82, 77]","[108, 124, 184]","[1, 7, 10, 268, 20, 124, 61, 108, 175, 184, 145, 240, 1]","[(1, 190), (108, 82), (82, 184), (124, 30), (30, 108), (77, 1), (190, 124), (184, 77)]","[(1, 0.0), (7, 0.0), (10, 0.0), (268, 0.0), (20, 0.0), (124, 1005.0), (61, 2006.0), (108, 3015.0), (175, 4017.0), (184, 6031.0), (145, 6031.0), (240, 7033.0), (1, 8035.0)]"
2026-06-17 11:44:27,15,15.8,14.4,-45008.96,-12713.63,71.75,6943.0,51951.96,714.6075,8,3,2,3,8035.0,511,"[108, 82, 124, 77, 61, 175, 240, 184]","[61, 175, 240]","[82, 77]","[108, 124, 184]","[1, 10, 268, 20, 124, 61, 108, 175, 184, 145, 240, 1]","[(1, 7), (108, 82), (7, 10), (20, 30), (82, 184), (124, 190), (10, 20), (30, 124), (77, 1), (190, 108), (184, 77)]","[(1, 0.0), (10, 0.0), (268, 0.0), (20, 0.0), (124, 1005.0), (61, 2006.0), (108, 3015.0), (175, 4017.0), (184, 6031.0), (145, 6031.0), (240, 7033.0), (1, 8035.0)]"
2026-06-17 11:44:29,15,18.5,17.1,-43754.06,-12982.84,70.33,6943.0,50697.06,697.346,8,5,1,2,8035.0,1073,"[108, 82, 124, 77, 61, 175, 240, 184]","[108, 82, 61, 175, 240]",[77],"[124, 184]","[1, 10, 20, 124, 61, 82, 108, 175, 184, 145, 240, 1]","[(1, 7), (7, 10), (268, 20), (20, 30), (124, 190), (10, 268), (30, 124), (77, 1), (190, 184), (184, 77)]","[(1, 0.0), (10, 0.0), (20, 0.0), (124, 1005.0), (61, 2006.0), (82, 3015.0), (108, 4024.0), (175, 5026.0), (184, 6031.0), (145, 6031.0), (240, 7033.0), (1, 8035.0)]"
2026-06-17 11:44:29,15,18.6,17.2,-43605.28,-12982.84,70.23,7752.0,51357.28,706.4275,9,5,2,2,9044.0,1073,"[108, 82, 124, 77, 190, 61, 175, 240, 184]","[108, 82, 61, 175, 240]","[77, 190]","[124, 184]","[1, 10, 20, 124, 61, 82, 108, 175, 184, 145, 240, 1]","[(1, 7), (7, 10), (268, 20), (20, 30), (124, 190), (10, 268), (30, 124), (77, 1), (190, 184), (184, 77)]","[(1, 0.0), (10, 0.0), (20, 0.0), (124, 1005.0), (61, 2006.0), (82, 3015.0), (108, 4024.0), (175, 5026.0), (184, 7040.0), (145, 7040.0), (240, 8042.0), (1, 9044.0)]"
2026-06-17 11:44:30,15,18.8,17.5,-42827.96,-12982.84,69.69,6943.0,49770.96,684.6075,8,3,2,3,8035.0,1073,"[108, 82, 124, 77, 61, 175, 240, 184]","[61, 175, 240]","[82, 77]","[108, 124, 184]","[1, 10, 20, 30, 124, 61, 108, 175, 184, 145, 240, 1]","[(1, 7), (108, 82), (7, 10), (268, 20), (20, 124), (82, 184), (124, 190), (10, 268), (77, 1), (190, 108), (184, 77)]","[(1, 0.0), (10, 0.0), (20, 0.0), (30, 0.0), (124, 1005.0), (61, 2006.0), (108, 3015.0), (175, 4017.0), (184, 6031.0), (145, 6031.0), (240, 7033.0), (1, 8035.0)]"
2026-06-17 11:44:30,15,18.8,17.5,-41664.76,-12982.84,68.84,6943.0,48607.76,668.6075,8,3,2,3,8035.0,1073,"[108, 82, 124, 77, 61, 175, 240, 184]","[61, 175, 240]","[82, 77]","[108, 124, 184]","[1, 10, 20, 124, 61, 108, 175, 184, 145, 240, 1]","[(1, 7), (108, 82), (7, 10), (268, 20), (20, 30), (82, 184), (124, 190), (10, 268), (30, 124), (77, 1), (190, 108), (184, 77)]","[(1, 0.0), (10, 0.0), (20, 0.0), (124, 1005.0), (61, 2006.0), (108, 3015.0), (175, 4017.0), (184, 6031.0), (145, 6031.0), (240, 7033.0), (1, 8035.0)]"
2026-06-17 11:44:34,15,23.5,22.1,-41600.57,-12982.84,68.79,6169.0,47769.57,657.078,7,3,2,2,7030.0,1089,"[108, 82, 77, 61, 175, 240, 184]","[61, 175, 240]","[82, 77]","[108, 184]","[1, 10, 20, 124, 61, 108, 175, 184, 145, 240, 1]","[(1, 7), (108, 190), (7, 10), (268, 20), (20, 30), (82, 108), (124, 82), (10, 268), (30, 124), (77, 1), (190, 184), (184, 77)]","[(1, 0.0), (10, 0.0), (20, -0.0), (124, -0.0), (61, 1001.0), (108, 3019.0), (175, 4021.0), (184, 5026.0), (145, 5026.0), (240, 6028.0), (1, 7030.0)]"
2026-06-17 11:44:35,15,24.0,22.7,-41399.5,-12982.84,68.64,6978.0,48377.5,665.4402,8,2,3,3,8039.0,1091,"[108, 82, 77, 190, 61, 175, 240, 184]","[175, 240]","[82, 77, 190]","[108, 61, 184]","[1, 10, 20, 124, 61, 108, 175, 184, 145, 240, 1]","[(1, 7), (108, 190), (7, 10), (268, 20), (20, 30), (82, 108), (10, 268), (30, 61), (77, 1), (190, 184), (61, 82), (184, 77)]","[(1, 0.0), (10, 0.0), (20, 0.0), (124, 0.0), (61, 1001.0), (108, 3019.0), (175, 4021.0), (184, 6035.0), (145, 6035.0), (240, 7037.0), (1, 8039.0)]"
2026-06-17 11:44:37,15,26.3,24.9,-41391.23,-12982.84,68.63,6674.0,48065.23,661.1448,8,4,2,2,8034.0,1095,"[108, 77, 190, 61, 175, 240, 184, 145]","[61, 175, 240, 145]","[77, 190]","[108, 184]","[1, 10, 20, 124, 61, 108, 175, 184, 145, 240, 1]","[(1, 7), (108, 190), (7, 10), (268, 20), (20, 30), (82, 108), (124, 82), (10, 268), (30, 124), (77, 1), (190, 184), (184, 77)]","[(1, 0.0), (10, 0.0), (20, 0.0), (124, 0.0), (61, 1001.0), (108, 2010.0), (175, 3012.0), (184, 5026.0), (145, 6030.0), (240, 7032.0), (1, 8034.0)]"
2026-06-17 11:44:40,15,29.6,28.3,-41391.23,-13339.96,67.77,6674.0,48065.23,661.1448,8,4,2,2,8034.0,1298,"[108, 77, 190, 61, 175, 240, 184, 145]","[61, 175, 240, 145]","[77, 190]","[108, 184]","[1, 10, 20, 124, 61, 108, 175, 184, 145, 240, 1]","[(1, 7), (108, 190), (7, 10), (268, 20), (20, 30), (82, 108), (124, 82), (10, 268), (30, 124), (77, 1), (190, 184), (184, 77)]","[(1, 0.0), (10, 0.0), (20, 0.0), (124, 0.0), (61, 1001.0), (108, 2010.0), (175, 3012.0), (184, 5026.0), (145, 6030.0), (240, 7032.0), (1, 8034.0)]"
2026-06-17 11:44:42,15,30.9,29.5,-41391.23,-14012.48,66.15,6674.0,48065.23,661.1448,8,4,2,2,8034.0,1638,"[108, 77, 190, 61, 175, 240, 184, 145]","[61, 175, 240, 145]","[77, 190]","[108, 184]","[1, 10, 20, 124, 61, 108, 175, 184, 145, 240, 1]","[(1, 7), (108, 190), (7, 10), (268, 20), (20, 30), (82, 108), (124, 82), (10, 268), (30, 124), (77, 1), (190, 184), (184, 77)]","[(1, 0.0), (10, 0.0), (20, 0.0), (124, 0.0), (61, 1001.0), (108, 2010.0), (175, 3012.0), (184, 5026.0), (145, 6030.0), (240, 7032.0), (1, 8034.0)]"
2026-06-17 11:44:42,15,30.9,29.5,-41386.93,-14032.07,66.1,6674.0,48060.93,661.0857,8,4,2,2,8034.0,1654,"[108, 77, 190, 61, 175, 240, 184, 145]","[61, 175, 240, 145]","[77, 190]","[108, 184]","[1, 10, 20, 124, 61, 108, 175, 184, 145, 240, 1]","[(1, 7), (108, 77), (7, 10), (268, 20), (20, 30), (82, 108), (124, 82), (10, 268), (30, 124), (77, 184), (190, 1), (184, 190)]","[(1, 0.0), (10, 0.0), (20, 0.0), (124, 0.0), (61, 1001.0), (108, 2010.0), (175, 3012.0), (184, 5019.0), (145, 6023.0), (240, 7025.0), (1, 8034.0)]"
2026-06-17 11:44:42,15,31.5,30.1,-41247.22,-14155.0,65.68,6987.0,48234.22,663.4693,8,2,3,3,9034.0,1791,"[108, 268, 77, 190, 61, 175, 240, 184]","[61, 175]","[268, 77, 190]","[108, 240, 184]","[1, 10, 20, 124, 61, 108, 175, 184, 145, 240, 1]","[(1, 7), (108, 77), (7, 10), (268, 240), (20, 30), (82, 108), (124, 82), (10, 20), (30, 124), (77, 184), (190, 145), (240, 1), (184, 190), (145, 268)]","[(1, 0.0), (10, 0.0), (20, 0.0), (124, 0.0), (61, 1001.0), (108, 2010.0), (175, 3012.0), (184, 5019.0), (145, 6028.0), (240, 8032.0), (1, 9034.0)]"
2026-06-17 11:44:42,15,31.5,30.1,-40390.93,-14170.1,64.92,8363.0,48753.93,670.6181,10,2,4,4,10037.0,1797,"[108, 7, 268, 77, 190, 61, 175, 240, 184, 145]","[61, 175]","[7, 268, 77, 190]","[108, 240, 184, 145]","[1, 10, 20, 124, 61, 108, 175, 184, 145, 240, 1]","[(1, 10), (108, 77), (7, 1), (268, 240), (20, 30), (82, 108), (124, 82), (10, 20), (30, 124), (77, 184), (190, 145), (240, 7), (184, 190), (145, 268)]","[(1, 0.0), (10, 0.0), (20, 0.0), (124, 0.0), (61, 1001.0), (108, 2010.0), (175, 3012.0), (184, 5019.0), (145, 7032.0), (240, 9036.0), (1, 10037.0)]"
2026-06-17 11:44:45,15,34.1,32.7,-39954.73,-14739.25,63.11,8363.0,48317.73,664.6181,10,2,4,4,10037.0,2861,"[108, 7, 268, 77, 190, 61, 175, 240, 184, 145]","[61, 175]","[7, 268, 77, 190]","[108, 240, 184, 145]","[1, 20, 124, 61, 108, 175, 184, 145, 240, 1]","[(1, 10), (108, 77), (7, 1), (268, 240), (20, 30), (82, 108), (124, 82), (10, 20), (30, 124), (77, 184), (190, 145), (240, 7), (184, 190), (145, 268)]","[(1, 0.0), (20, 0.0), (124, 0.0), (61, 1001.0), (108, 2010.0), (175, 3012.0), (184, 5019.0), (145, 7032.0), (240, 9036.0), (1, 10037.0)]"
2026-06-17 11:45:08,15,57.2,55.8,-39954.73,-16840.27,57.85,8363.0,48317.73,664.618,10,2,4,4,10037.0,18650,"[108, 7, 268, 77, 190, 61, 175, 240, 184, 145]","[61, 175]","[7, 268, 77, 190]","[108, 240, 184, 145]","[1, 20, 124, 61, 108, 175, 184, 145, 240, 1]","[(1, 10), (108, 77), (7, 1), (268, 240), (20, 30), (82, 108), (124, 82), (10, 20), (30, 124), (77, 184), (190, 145), (240, 7), (184, 190), (145, 268)]","[(1, 0.0), (20, 0.0), (124, 0.0), (61, 1001.0), (108, 2010.0), (175, 3012.0), (184, 5019.0), (145, 7032.0), (240, 9036.0), (1, 10037.0)]"
2026-06-17 11:45:10,15,59.2,57.8,-39946.55,-16901.55,57.69,8371.0,48317.55,664.6156,10,1,4,5,10036.0,20128,"[108, 7, 10, 77, 190, 61, 175, 240, 184, 145]",[175],"[7, 10, 77, 190]","[108, 61, 240, 184, 145]","[1, 20, 124, 61, 108, 175, 184, 145, 240, 1]","[(1, 268), (108, 77), (7, 1), (268, 20), (20, 30), (82, 108), (124, 61), (10, 240), (30, 124), (77, 184), (190, 145), (61, 82), (240, 7), (184, 190), (145, 10)]","[(1, 0.0), (20, 0.0), (124, 0.0), (61, 1001.0), (108, 2010.0), (175, 3012.0), (184, 5019.0), (145, 7032.0), (240, 9035.0), (1, 10036.0)]"
2026-06-17 11:45:12,15,61.4,60.0,-39946.55,-16973.9,57.51,8371.0,48317.55,664.6156,10,1,4,5,10036.0,21556,"[108, 7, 10, 77, 190, 61, 175, 240, 184, 145]",[175],"[7, 10, 77, 190]","[108, 61, 240, 184, 145]","[1, 20, 124, 61, 108, 175, 184, 145, 240, 1]","[(1, 268), (108, 77), (7, 1), (268, 20), (20, 30), (82, 108), (124, 61), (10, 240), (30, 124), (77, 184), (190, 145), (61, 82), (240, 7), (184, 190), (145, 10)]","[(1, 0.0), (20, 0.0), (124, 0.0), (61, 1001.0), (108, 2010.0), (175, 3012.0), (184, 5019.0), (145, 7032.0), (240, 9035.0), (1, 10036.0)]"
2026-06-17 11:45:34,15,83.6,82.2,-39946.55,-17526.29,56.13,8371.0,48317.55,664.6156,10,1,4,5,10036.0,35878,"[108, 7, 10, 77, 190, 61, 175, 240, 184, 145]",[175],"[7, 10, 77, 190]","[108, 61, 240, 184, 145]","[1, 20, 124, 61, 108, 175, 184, 145, 240, 1]","[(1, 268), (108, 77), (7, 1), (268, 20), (20, 30), (82, 108), (124, 61), (10, 240), (30, 124), (77, 184), (190, 145), (61, 82), (240, 7), (184, 190), (145, 10)]","[(1, 0.0), (20, 0.0), (124, 0.0), (61, 1001.0), (108, 2010.0), (175, 3012.0), (184, 5019.0), (145, 7032.0), (240, 9035.0), (1, 10036.0)]"
2026-06-17 11:45:58,15,107.6,106.2,-39946.55,-18008.12,54.92,8371.0,48317.55,664.6156,10,1,4,5,10036.0,51900,"[108, 7, 10, 77, 190, 61, 175, 240, 184, 145]",[175],"[7, 10, 77, 190]","[108, 61, 240, 184, 145]","[1, 20, 124, 61, 108, 175, 184, 145, 240, 1]","[(1, 268), (108, 77), (7, 1), (268, 20), (20, 30), (82, 108), (124, 61), (10, 240), (30, 124), (77, 184), (190, 145), (61, 82), (240, 7), (184, 190), (145, 10)]","[(1, 0.0), (20, 0.0), (124, 0.0), (61, 1001.0), (108, 2010.0), (175, 3012.0), (184, 5019.0), (145, 7032.0), (240, 9035.0), (1, 10036.0)]"
2026-06-17 11:46:02,15,111.2,109.8,-39946.55,-18065.94,54.77,8371.0,48317.55,664.6156,10,1,4,5,10036.0,53954,"[108, 7, 10, 77, 190, 61, 175, 240, 184, 145]",[175],"[7, 10, 77, 190]","[108, 61, 240, 184, 145]","[1, 20, 124, 61, 108, 175, 184, 145, 240, 1]","[(1, 268), (108, 77), (7, 1), (268, 20), (20, 30), (82, 108), (124, 61), (10, 240), (30, 124), (77, 184), (190, 145), (61, 82), (240, 7), (184, 190), (145, 10)]","[(1, 0.0), (20, 0.0), (124, 0.0), (61, 1001.0), (108, 2010.0), (175, 3012.0), (184, 5019.0), (145, 7032.0), (240, 9035.0), (1, 10036.0)]"
2026-06-17 11:47:59,15,228.2,226.8,-39946.55,-19520.17,51.13,8371.0,48317.55,664.6156,10,1,4,5,10036.0,128582,"[108, 7, 10, 77, 190, 61, 175, 240, 184, 145]",[175],"[7, 10, 77, 190]","[108, 61, 240, 184, 145]","[1, 20, 124, 61, 108, 175, 184, 145, 240, 1]","[(1, 268), (108, 77), (7, 1), (268, 20), (20, 30), (82, 108), (124, 61), (10, 240), (30, 124), (77, 184), (190, 145), (61, 82), (240, 7), (184, 190), (145, 10)]","[(1, 0.0), (20, 0.0), (124, 0.0), (61, 1001.0), (108, 2010.0), (175, 3012.0), (184, 5019.0), (145, 7032.0), (240, 9035.0), (1, 10036.0)]"
2026-06-17 11:47:59,15,228.2,226.8,-39946.55,-19522.95,51.13,8371.0,48317.55,664.6156,10,1,4,5,10036.0,128585,"[108, 7, 10, 77, 190, 61, 175, 240, 184, 145]",[175],"[7, 10, 77, 190]","[108, 61, 240, 184, 145]","[1, 20, 124, 61, 108, 175, 184, 145, 240, 1]","[(1, 268), (108, 77), (7, 1), (268, 20), (20, 30), (82, 108), (10, 240), (30, 61), (77, 184), (190, 145), (61, 82), (240, 7), (184, 190), (145, 10)]","[(1, 0.0), (20, 0.0), (124, 0.0), (61, 1001.0), (108, 2010.0), (175, 3012.0), (184, 5019.0), (145, 7032.0), (240, 9035.0), (1, 10036.0)]"
2026-06-17 11:54:52,15,641.3,639.9,-39946.55,-21378.67,46.48,8371.0,48317.55,664.6156,10,1,4,5,10036.0,350683,"[108, 7, 10, 77, 190, 61, 175, 240, 184, 145]",[175],"[7, 10, 77, 190]","[108, 61, 240, 184, 145]","[1, 20, 124, 61, 108, 175, 184, 145, 240, 1]","[(1, 268), (108, 77), (7, 1), (268, 20), (20, 30), (82, 108), (10, 240), (30, 61), (77, 184), (190, 145), (61, 82), (240, 7), (184, 190), (145, 10)]","[(1, 0.0), (20, 0.0), (124, 0.0), (61, 1001.0), (108, 2010.0), (175, 3012.0), (184, 5019.0), (145, 7032.0), (240, 9035.0), (1, 10036.0)]"
2026-06-17 11:55:27,15,676.4,675.0,-39946.55,-21474.38,46.24,8371.0,48317.55,664.6155,10,1,4,5,10036.0,369424,"[108, 7, 10, 77, 190, 61, 175, 240, 184, 145]",[175],"[7, 10, 77, 190]","[108, 61, 240, 184, 145]","[1, 20, 124, 61, 108, 175, 184, 145, 240, 1]","[(1, 268), (108, 77), (7, 1), (268, 20), (20, 30), (82, 108), (124, 61), (10, 240), (30, 124), (77, 184), (190, 145), (61, 82), (240, 7), (184, 190), (145, 10)]","[(1, 0.0), (20, 0.0), (124, 0.0), (61, 1001.0), (108, 2010.0), (175, 3012.0), (184, 5019.0), (145, 7032.0), (240, 9035.0), (1, 10036.0)]"
2026-06-17 11:55:33,15,682.0,680.6,-39946.55,-21484.16,46.22,8371.0,48317.55,664.6155,10,1,4,5,10036.0,371131,"[108, 7, 10, 77, 190, 61, 175, 240, 184, 145]",[175],"[7, 10, 77, 190]","[108, 61, 240, 184, 145]","[1, 20, 124, 61, 108, 175, 184, 145, 240, 1]","[(1, 268), (108, 77), (7, 1), (268, 20), (20, 30), (82, 108), (124, 61), (10, 240), (30, 124), (77, 184), (190, 145), (61, 82), (240, 7), (184, 190), (145, 10)]","[(1, 0.0), (20, 0.0), (124, 0.0), (61, 1001.0), (108, 2010.0), (175, 3012.0), (184, 5019.0), (145, 7032.0), (240, 9035.0), (1, 10036.0)]"
2026-06-17 11:57:08,15,777.4,776.1,-39946.55,-21701.11,45.67,8371.0,48317.55,664.6155,10,1,4,5,10036.0,420183,"[108, 7, 10, 77, 190, 61, 175, 240, 184, 145]",[175],"[7, 10, 77, 190]","[108, 61, 240, 184, 145]","[1, 20, 124, 61, 108, 175, 184, 145, 240, 1]","[(1, 268), (108, 77), (7, 1), (268, 20), (20, 30), (82, 108), (124, 61), (10, 240), (30, 124), (77, 184), (190, 145), (61, 82), (240, 7), (184, 190), (145, 10)]","[(1, 0.0), (20, 0.0), (124, 0.0), (61, 1001.0), (108, 2010.0), (175, 3012.0), (184, 5019.0), (145, 7032.0), (240, 9035.0), (1, 10036.0)]"
2026-06-17 11:58:30,15,859.2,857.9,-39946.55,-21862.5,45.27,8371.0,48317.55,664.6155,10,1,4,5,10036.0,459748,"[108, 7, 10, 77, 190, 61, 175, 240, 184, 145]",[175],"[7, 10, 77, 190]","[108, 61, 240, 184, 145]","[1, 20, 124, 61, 108, 175, 184, 145, 240, 1]","[(1, 268), (108, 77), (7, 1), (268, 20), (20, 30), (82, 108), (124, 61), (10, 240), (30, 124), (77, 184), (190, 145), (61, 82), (240, 7), (184, 190), (145, 10)]","[(1, 0.0), (20, 0.0), (124, 0.0), (61, 1001.0), (108, 2010.0), (175, 3012.0), (184, 5019.0), (145, 7032.0), (240, 9035.0), (1, 10036.0)]"
2026-06-17 12:36:46,15,0.2,0.2,-68330.22,-4590.28,93.28,11943.0,80273.22,1104.1708,15,15,0,0,15068.0,0,"[108, 7, 268, 20, 82, 124, 10, 30, 77, 190, 61, 175, 240, 184, 145]","[108, 7, 268, 20, 82, 124, 10, 30, 77, 190, 61, 175, 240, 184, 145]",[],[],"[1, 7, 10, 268, 20, 124, 30, 61, 82, 108, 77, 175, 184, 190, 145, 240, 1]","[(1, 1)]","[(1, 0.0), (7, 1001.0), (10, 2002.0), (268, 3004.0), (20, 4012.0), (124, 5017.0), (30, 6025.0), (61, 7026.0), (82, 8035.0), (108, 9044.0), (77, 10046.0), (175, 11048.0), (184, 12053.0), (190, 13062.0), (145, 14066.0), (240, 15068.0), (1, 15068.0)]"
2026-06-17 12:36:49,15,3.8,3.8,-66676.52,-9105.96,86.34,11128.0,77804.52,1070.2134,14,14,0,0,14066.0,0,"[108, 7, 20, 82, 124, 10, 30, 77, 190, 61, 175, 240, 184, 145]","[108, 7, 20, 82, 124, 10, 30, 77, 190, 61, 175, 240, 184, 145]",[],[],"[1, 7, 10, 268, 20, 124, 30, 61, 82, 108, 77, 175, 184, 190, 145, 240, 1]","[(1, 1)]","[(1, 0.0), (7, 1001.0), (10, 2002.0), (268, 2002.0), (20, 3010.0), (124, 4015.0), (30, 5023.0), (61, 6024.0), (82, 7033.0), (108, 8042.0), (77, 9044.0), (175, 10046.0), (184, 11051.0), (190, 12060.0), (145, 13064.0), (240, 14066.0), (1, 14066.0)]"
2026-06-17 12:36:51,15,5.4,5.4,-63309.52,-9204.26,85.46,11128.0,74437.52,1023.8998,14,13,1,0,14066.0,0,"[108, 7, 20, 82, 124, 10, 30, 77, 190, 61, 175, 240, 184, 145]","[108, 7, 20, 82, 10, 30, 77, 190, 61, 175, 240, 184, 145]",[124],[],"[1, 7, 10, 268, 20, 30, 61, 82, 108, 77, 175, 184, 190, 145, 240, 1]","[(1, 124), (124, 1)]","[(1, 0.0), (7, 1001.0), (10, 2002.0), (268, 2002.0), (20, 3010.0), (30, 4018.0), (61, 5019.0), (82, 6028.0), (108, 7037.0), (77, 8039.0), (175, 9041.0), (184, 10046.0), (190, 11055.0), (145, 12059.0), (240, 13061.0), (1, 14066.0)]"
2026-06-17 12:36:51,15,5.4,5.4,-63113.93,-9204.26,85.42,11128.0,74241.93,1021.2095,14,11,2,1,14066.0,0,"[108, 7, 20, 82, 124, 10, 30, 77, 190, 61, 175, 240, 184, 145]","[108, 7, 20, 82, 10, 30, 77, 190, 240, 184, 145]","[124, 175]",[61],"[1, 7, 10, 268, 20, 30, 61, 82, 108, 77, 184, 190, 145, 240, 1]","[(1, 175), (124, 1), (61, 124), (175, 61)]","[(1, 0.0), (7, 1001.0), (10, 2002.0), (268, 2002.0), (20, 3010.0), (30, 4018.0), (61, 6021.0), (82, 7030.0), (108, 8039.0), (77, 9041.0), (184, 10046.0), (190, 11055.0), (145, 12059.0), (240, 13061.0), (1, 14066.0)]"
2026-06-17 12:36:53,15,7.7,7.7,-57149.47,-9430.14,83.5,10322.0,67471.47,928.0808,13,8,3,2,13057.0,0,"[108, 7, 20, 124, 10, 30, 77, 190, 61, 175, 240, 184, 145]","[108, 7, 20, 10, 190, 240, 184, 145]","[124, 30, 175]","[77, 61]","[1, 7, 10, 268, 20, 61, 77, 82, 108, 184, 190, 145, 240, 1]","[(1, 175), (124, 77), (30, 1), (77, 30), (61, 124), (175, 61)]","[(1, 0.0), (7, 1001.0), (10, 2002.0), (268, 2002.0), (20, 3010.0), (61, 5013.0), (77, 7020.0), (82, 7020.0), (108, 8029.0), (184, 9034.0), (190, 10043.0), (145, 11047.0), (240, 12049.0), (1, 13057.0)]"
2026-06-17 12:36:54,15,8.5,8.5,-52588.38,-10280.63,80.45,8033.0,60621.38,833.8567,10,4,4,2,10043.0,32,"[20, 124, 10, 30, 77, 190, 61, 175, 240, 184]","[20, 10, 190, 184]","[124, 30, 175, 240]","[77, 61]","[1, 7, 10, 20, 61, 77, 82, 108, 184, 190, 145, 268, 1]","[(1, 175), (124, 77), (30, 1), (77, 240), (61, 124), (175, 61), (240, 145), (145, 30)]","[(1, 0.0), (7, 0.0), (10, 1001.0), (20, 2009.0), (61, 4012.0), (77, 6019.0), (82, 6019.0), (108, 6019.0), (184, 7024.0), (190, 8033.0), (145, 9035.0), (268, 9035.0), (1, 10043.0)]"
2026-06-17 12:36:54,15,8.6,8.6,-51197.8,-10280.63,79.92,8033.0,59230.8,814.729,10,3,5,2,10043.0,33,"[20, 124, 10, 30, 77, 190, 61, 175, 240, 184]","[20, 10, 190]","[124, 30, 175, 240, 184]","[77, 61]","[1, 7, 10, 20, 61, 77, 82, 108, 190, 145, 268, 1]","[(1, 175), (268, 30), (124, 77), (30, 1), (77, 240), (61, 124), (175, 61), (240, 145), (184, 268), (145, 184)]","[(1, 0.0), (7, 0.0), (10, 1001.0), (20, 2009.0), (61, 4012.0), (77, 6019.0), (82, 6019.0), (108, 6019.0), (190, 7028.0), (145, 8030.0), (268, 9035.0), (1, 10043.0)]"
2026-06-17 12:36:54,15,9.0,8.9,-50715.96,-10574.1,79.15,8792.0,59507.96,818.5414,11,4,5,2,11052.0,53,"[108, 268, 20, 124, 10, 30, 190, 61, 175, 240, 184]","[108, 20, 10, 190]","[124, 30, 175, 240, 184]","[268, 61]","[1, 7, 10, 20, 61, 77, 82, 108, 190, 145, 268, 1]","[(1, 175), (268, 30), (124, 77), (30, 1), (77, 240), (61, 124), (175, 61), (240, 145), (184, 268), (145, 184)]","[(1, 0.0), (7, 0.0), (10, 1001.0), (20, 2009.0), (61, 4012.0), (77, 5017.0), (82, 5017.0), (108, 6026.0), (190, 7035.0), (145, 8037.0), (268, 10044.0), (1, 11052.0)]"
2026-06-17 12:36:55,15,9.1,9.1,-50460.93,-10688.37,78.82,8520.0,58980.93,811.2921,11,4,4,3,11051.0,67,"[108, 268, 20, 10, 30, 190, 61, 175, 240, 184, 145]","[108, 20, 10, 190]","[30, 175, 240, 184]","[268, 61, 145]","[1, 7, 10, 20, 61, 77, 82, 108, 190, 145, 268, 1]","[(1, 175), (268, 30), (124, 77), (30, 1), (77, 240), (61, 124), (175, 61), (240, 145), (184, 268), (145, 184)]","[(1, 0.0), (7, 0.0), (10, 1001.0), (20, 2009.0), (61, 4012.0), (77, 4012.0), (82, 4012.0), (108, 5021.0), (190, 6030.0), (145, 8036.0), (268, 10043.0), (1, 11051.0)]"
2026-06-17 12:36:55,15,9.7,9.7,-49588.1,-10887.89,78.04,8520.0,58108.1,799.2861,11,5,4,2,11051.0,86,"[108, 268, 20, 10, 30, 190, 61, 175, 240, 184, 145]","[108, 20, 10, 190, 61]","[30, 175, 240, 184]","[268, 145]","[1, 7, 10, 20, 124, 61, 77, 82, 108, 190, 145, 268, 1]","[(1, 175), (268, 30), (30, 1), (77, 240), (175, 77), (240, 145), (184, 268), (145, 184)]","[(1, 0.0), (7, 0.0), (10, 1001.0), (20, 2009.0), (124, 2009.0), (61, 3010.0), (77, 4012.0), (82, 4012.0), (108, 5021.0), (190, 6030.0), (145, 8036.0), (268, 10043.0), (1, 11051.0)]"
2026-06-17 12:36:56,15,10.2,10.1,-49588.09,-11022.81,77.77,8520.0,58108.09,799.286,11,5,4,2,11051.0,106,"[108, 268, 20, 10, 30, 190, 61, 175, 240, 184, 145]","[108, 20, 10, 190, 61]","[30, 175, 240, 184]","[268, 145]","[1, 7, 10, 20, 124, 61, 77, 82, 108, 190, 145, 268, 1]","[(1, 175), (268, 30), (30, 1), (77, 240), (175, 77), (240, 145), (184, 268), (145, 184)]","[(1, 0.0), (7, 0.0), (10, 1001.0), (20, 2009.0), (124, 2009.0), (61, 3010.0), (77, 4012.0), (82, 4012.0), (108, 5021.0), (190, 6030.0), (145, 8036.0), (268, 10043.0), (1, 11051.0)]"
2026-06-17 12:36:56,15,10.5,10.4,-48886.98,-11145.0,77.2,7875.0,56761.98,780.77,10,4,4,2,10043.0,125,"[108, 268, 10, 30, 190, 61, 175, 240, 184, 145]","[108, 10, 190, 61]","[30, 175, 240, 184]","[268, 145]","[1, 7, 10, 20, 124, 61, 77, 82, 108, 190, 145, 268, 1]","[(1, 175), (268, 30), (30, 1), (77, 240), (175, 77), (240, 145), (184, 268), (145, 184)]","[(1, 0.0), (7, 0.0), (10, 1001.0), (20, 1001.0), (124, 1001.0), (61, 2002.0), (77, 3004.0), (82, 3004.0), (108, 4013.0), (190, 5022.0), (145, 7028.0), (268, 9035.0), (1, 10043.0)]"
2026-06-17 12:36:56,15,10.6,10.6,-48879.52,-11211.16,77.06,8844.0,57723.52,793.9961,11,4,4,3,11045.0,132,"[108, 268, 10, 30, 77, 190, 61, 175, 240, 184, 145]","[108, 10, 190, 61]","[30, 175, 240, 184]","[268, 77, 145]","[1, 7, 10, 20, 124, 61, 77, 82, 108, 190, 145, 268, 1]","[(1, 175), (268, 30), (30, 1), (77, 240), (175, 77), (240, 145), (184, 268), (145, 184)]","[(1, 0.0), (7, 0.0), (10, 1001.0), (20, 1001.0), (124, 1001.0), (61, 2002.0), (77, 4006.0), (82, 4006.0), (108, 5015.0), (190, 6024.0), (145, 8030.0), (268, 10037.0), (1, 11045.0)]"
2026-06-17 12:36:56,15,10.7,10.7,-48879.52,-11244.99,76.99,8844.0,57723.52,793.9961,11,4,4,3,11045.0,134,"[108, 268, 10, 30, 77, 190, 61, 175, 240, 184, 145]","[108, 10, 190, 61]","[30, 175, 240, 184]","[268, 77, 145]","[1, 7, 10, 20, 124, 61, 77, 82, 108, 190, 145, 268, 1]","[(1, 175), (268, 30), (30, 1), (77, 240), (175, 77), (240, 145), (184, 268), (145, 184)]","[(1, 0.0), (7, 0.0), (10, 1001.0), (20, 1001.0), (124, 1001.0), (61, 2002.0), (77, 4006.0), (82, 4006.0), (108, 5015.0), (190, 6024.0), (145, 8030.0), (268, 10037.0), (1, 11045.0)]"
2026-06-17 12:36:57,15,11.5,11.4,-48714.6,-11404.81,76.59,7894.0,56608.6,778.6602,10,3,4,3,10044.0,181,"[108, 268, 10, 30, 77, 190, 175, 240, 184, 145]","[108, 10, 190]","[30, 175, 240, 184]","[268, 77, 145]","[1, 7, 10, 20, 124, 61, 77, 82, 108, 190, 145, 268, 1]","[(1, 175), (268, 30), (30, 1), (77, 240), (175, 77), (240, 145), (184, 268), (145, 184)]","[(1, 0.0), (7, 0.0), (10, 1001.0), (20, 1001.0), (124, 1001.0), (61, 1001.0), (77, 3005.0), (82, 3005.0), (108, 4014.0), (190, 5023.0), (145, 7029.0), (268, 9036.0), (1, 10044.0)]"
2026-06-17 12:36:58,15,12.1,12.0,-48553.14,-11500.33,76.31,7894.0,56447.14,776.4394,10,3,4,3,10044.0,220,"[108, 268, 10, 30, 77, 190, 175, 240, 184, 145]","[108, 10, 190]","[30, 175, 240, 184]","[268, 77, 145]","[1, 7, 10, 20, 124, 61, 77, 108, 190, 145, 268, 1]","[(1, 175), (268, 30), (82, 77), (30, 1), (77, 240), (61, 82), (175, 61), (240, 145), (184, 268), (145, 184)]","[(1, 0.0), (7, 0.0), (10, 1001.0), (20, 1001.0), (124, 1001.0), (61, 2003.0), (77, 3005.0), (108, 4014.0), (190, 5023.0), (145, 7029.0), (268, 9036.0), (1, 10044.0)]"
2026-06-17 12:36:58,15,12.9,12.8,-44908.87,-11637.06,74.09,8700.0,53608.87,737.3985,11,3,5,3,11053.0,262,"[108, 268, 82, 10, 30, 77, 190, 175, 240, 184, 145]","[10, 30, 190]","[82, 77, 175, 240, 184]","[108, 268, 145]","[1, 7, 10, 20, 30, 124, 61, 108, 190, 145, 268, 1]","[(1, 175), (108, 82), (268, 240), (82, 145), (77, 108), (61, 77), (175, 61), (240, 1), (184, 268), (145, 184)]","[(1, 0.0), (7, 0.0), (10, 1001.0), (20, 1001.0), (30, 2009.0), (124, 2009.0), (61, 3011.0), (108, 5022.0), (190, 6031.0), (145, 8044.0), (268, 10051.0), (1, 11053.0)]"
2026-06-17 12:36:59,15,13.2,13.2,-44858.37,-11714.44,73.89,7894.0,52752.37,725.6173,10,3,4,3,10044.0,269,"[108, 268, 10, 30, 77, 190, 175, 240, 184, 145]","[10, 30, 190]","[77, 175, 240, 184]","[108, 268, 145]","[1, 7, 10, 20, 30, 124, 61, 108, 190, 145, 268, 1]","[(1, 175), (108, 77), (268, 240), (82, 108), (77, 145), (61, 82), (175, 61), (240, 1), (184, 268), (145, 184)]","[(1, 0.0), (7, 0.0), (10, 1001.0), (20, 1001.0), (30, 2009.0), (124, 2009.0), (61, 3011.0), (108, 4020.0), (190, 5029.0), (145, 7035.0), (268, 9042.0), (1, 10044.0)]"
2026-06-17 12:36:59,15,13.4,13.4,-44279.06,-11732.68,73.5,8312.0,52591.06,723.3983,10,2,4,4,10037.0,279,"[108, 268, 10, 77, 190, 61, 175, 240, 184, 145]","[10, 190]","[77, 175, 240, 184]","[108, 268, 61, 145]","[1, 7, 10, 20, 30, 124, 61, 108, 190, 145, 268, 1]","[(1, 175), (108, 77), (268, 240), (82, 108), (77, 145), (61, 82), (175, 61), (240, 1), (184, 268), (145, 184)]","[(1, 0.0), (7, 0.0), (10, 1001.0), (20, 1001.0), (30, 1001.0), (124, 1001.0), (61, 3004.0), (108, 4013.0), (190, 5022.0), (145, 7028.0), (268, 9035.0), (1, 10037.0)]"
2026-06-17 12:36:59,15,13.6,13.6,-44030.81,-11743.92,73.33,7589.0,51619.81,710.0387,9,2,3,4,9035.0,291,"[108, 268, 10, 77, 190, 61, 240, 184, 145]","[10, 145]","[77, 240, 184]","[108, 268, 190, 61]","[1, 7, 10, 20, 30, 124, 61, 108, 190, 145, 268, 1]","[(1, 175), (108, 77), (268, 240), (82, 108), (77, 190), (190, 184), (61, 82), (175, 61), (240, 1), (184, 268)]","[(1, 0.0), (7, 0.0), (10, 1001.0), (20, 1001.0), (30, 1001.0), (124, 1001.0), (61, 2002.0), (108, 3011.0), (190, 5022.0), (145, 6026.0), (268, 8033.0), (1, 9035.0)]"
2026-06-17 12:37:01,15,15.2,15.1,-42835.63,-11981.47,72.03,7589.0,50424.63,693.5988,9,2,3,4,9035.0,518,"[108, 268, 10, 77, 190, 61, 240, 184, 145]","[10, 145]","[77, 240, 184]","[108, 268, 190, 61]","[1, 7, 10, 20, 124, 61, 108, 190, 145, 268, 1]","[(1, 175), (108, 77), (268, 240), (82, 108), (124, 30), (30, 61), (77, 190), (190, 184), (61, 82), (175, 124), (240, 1), (184, 268)]","[(1, 0.0), (7, 0.0), (10, 1001.0), (20, 1001.0), (124, 1001.0), (61, 2002.0), (108, 3011.0), (190, 5022.0), (145, 6026.0), (268, 8033.0), (1, 9035.0)]"
2026-06-17 12:37:02,15,16.2,16.1,-42571.2,-12084.2,71.61,8395.0,50966.2,701.0481,10,2,5,3,10044.0,704,"[108, 268, 82, 10, 77, 190, 61, 240, 184, 145]","[10, 145]","[108, 82, 77, 240, 184]","[268, 190, 61]","[1, 7, 10, 20, 124, 61, 175, 190, 145, 268, 1]","[(1, 7), (108, 190), (7, 30), (268, 240), (20, 82), (82, 61), (30, 20), (77, 175), (190, 184), (61, 77), (175, 108), (240, 1), (184, 268)]","[(1, 0.0), (7, 0.0), (10, 1001.0), (20, 1001.0), (124, 1001.0), (61, 3011.0), (175, 4013.0), (190, 6031.0), (145, 7035.0), (268, 9042.0), (1, 10044.0)]"
2026-06-17 12:37:03,15,17.3,17.2,-42511.58,-12228.23,71.24,8616.0,51127.58,703.268,10,1,5,4,10042.0,1032,"[108, 268, 82, 10, 77, 190, 61, 175, 240, 184]",[10],"[108, 82, 77, 240, 184]","[268, 190, 61, 175]","[1, 7, 10, 20, 124, 61, 175, 190, 145, 268, 1]","[(1, 7), (108, 190), (7, 30), (268, 240), (20, 82), (82, 61), (30, 20), (77, 175), (190, 184), (61, 77), (175, 108), (240, 1), (184, 268)]","[(1, 0.0), (7, 0.0), (10, 1001.0), (20, 1001.0), (124, 1001.0), (61, 3011.0), (175, 5015.0), (190, 7033.0), (145, 7033.0), (268, 9040.0), (1, 10042.0)]"
2026-06-17 12:37:05,15,19.3,19.2,-42287.34,-12276.21,70.97,7793.0,50080.34,688.863,9,0,5,4,9041.0,1128,"[108, 268, 82, 77, 190, 61, 175, 240, 184]",[],"[108, 82, 77, 240, 184]","[268, 190, 61, 175]","[1, 7, 10, 20, 124, 61, 175, 190, 145, 268, 1]","[(1, 7), (108, 190), (7, 30), (268, 240), (20, 82), (82, 61), (30, 20), (77, 175), (190, 184), (61, 77), (175, 108), (240, 1), (184, 268)]","[(1, 0.0), (7, 0.0), (10, 0.0), (20, 0.0), (124, 0.0), (61, 2010.0), (175, 4014.0), (190, 6032.0), (145, 6032.0), (268, 8039.0), (1, 9041.0)]"
2026-06-17 12:37:06,15,20.7,20.7,-41635.1,-12276.21,70.51,6843.0,48478.1,666.8239,8,2,4,2,8040.0,1131,"[108, 268, 82, 77, 190, 175, 240, 184]","[175, 184]","[82, 77, 190, 240]","[108, 268]","[1, 7, 10, 20, 124, 61, 108, 175, 184, 145, 268, 1]","[(1, 7), (108, 190), (7, 30), (268, 240), (20, 82), (82, 61), (30, 20), (77, 108), (190, 145), (61, 77), (240, 1), (145, 268)]","[(1, 0.0), (7, 0.0), (10, 0.0), (20, 0.0), (124, 0.0), (61, 1009.0), (108, 3020.0), (175, 4022.0), (184, 5027.0), (145, 6036.0), (268, 7038.0), (1, 8040.0)]"
2026-06-17 12:37:06,15,20.7,20.7,-41277.86,-12276.21,70.26,6843.0,48120.86,661.91,8,2,4,2,8040.0,1131,"[108, 268, 82, 77, 190, 175, 240, 184]","[108, 184]","[82, 77, 190, 240]","[268, 175]","[1, 7, 10, 20, 124, 61, 108, 175, 184, 145, 268, 1]","[(1, 7), (7, 30), (268, 240), (20, 82), (82, 61), (30, 20), (77, 175), (190, 145), (61, 77), (175, 190), (240, 1), (145, 268)]","[(1, 0.0), (7, 0.0), (10, 0.0), (20, 0.0), (124, 0.0), (61, 1009.0), (108, 2018.0), (175, 4022.0), (184, 5027.0), (145, 6036.0), (268, 7038.0), (1, 8040.0)]"
2026-06-17 12:37:09,15,23.9,23.8,-41126.57,-12276.21,70.15,6987.0,48113.57,661.8098,8,2,3,3,8032.0,1309,"[108, 268, 77, 190, 61, 175, 240, 184]","[108, 184]","[77, 190, 240]","[268, 61, 175]","[1, 7, 10, 20, 124, 61, 108, 175, 184, 145, 268, 1]","[(1, 7), (7, 30), (268, 240), (20, 82), (82, 61), (30, 20), (77, 175), (190, 145), (61, 77), (175, 190), (240, 1), (145, 268)]","[(1, 0.0), (7, 0.0), (10, 0.0), (20, 0.0), (124, 0.0), (61, 1001.0), (108, 2010.0), (175, 4014.0), (184, 5019.0), (145, 6028.0), (268, 7030.0), (1, 8032.0)]"
2026-06-17 12:37:10,15,24.5,24.5,-41126.57,-12403.2,69.84,6987.0,48113.57,661.8098,8,2,3,3,8032.0,1401,"[108, 268, 77, 190, 61, 175, 240, 184]","[108, 184]","[77, 190, 240]","[268, 61, 175]","[1, 7, 10, 20, 124, 61, 108, 175, 184, 145, 268, 1]","[(1, 7), (7, 30), (268, 240), (20, 82), (82, 61), (30, 20), (77, 175), (190, 145), (61, 77), (175, 190), (240, 1), (145, 268)]","[(1, 0.0), (7, 0.0), (10, 0.0), (20, 0.0), (124, 0.0), (61, 1001.0), (108, 2010.0), (175, 4014.0), (184, 5019.0), (145, 6028.0), (268, 7030.0), (1, 8032.0)]"
2026-06-17 12:37:10,15,24.5,24.5,-41126.57,-12413.41,69.82,6987.0,48113.57,661.8098,8,2,3,3,8032.0,1404,"[108, 268, 77, 190, 61, 175, 240, 184]","[108, 184]","[77, 190, 240]","[268, 61, 175]","[1, 7, 10, 20, 124, 61, 108, 175, 184, 145, 268, 1]","[(1, 7), (7, 30), (268, 240), (20, 82), (82, 61), (30, 20), (77, 175), (190, 145), (61, 77), (175, 190), (240, 1), (145, 268)]","[(1, 0.0), (7, 0.0), (10, 0.0), (20, 0.0), (124, 0.0), (61, 1001.0), (108, 2010.0), (175, 4014.0), (184, 5019.0), (145, 6028.0), (268, 7030.0), (1, 8032.0)]"
2026-06-17 12:37:10,15,24.9,24.8,-40977.7,-12536.56,69.41,6987.0,47964.7,659.7621,8,2,3,3,8032.0,1483,"[108, 268, 77, 190, 61, 175, 240, 184]","[108, 184]","[77, 190, 240]","[268, 61, 175]","[1, 7, 10, 20, 124, 61, 108, 175, 184, 145, 268, 1]","[(1, 7), (7, 30), (268, 240), (20, 82), (82, 61), (30, 20), (77, 175), (190, 268), (61, 77), (175, 190), (240, 1)]","[(1, 0.0), (7, 0.0), (10, 0.0), (20, 0.0), (124, 0.0), (61, 1001.0), (108, 2010.0), (175, 4014.0), (184, 5019.0), (145, 5019.0), (268, 7030.0), (1, 8032.0)]"
2026-06-17 12:37:10,15,25.0,25.0,-40972.38,-12576.28,69.31,7489.0,48461.38,666.594,9,3,3,3,9036.0,1510,"[108, 268, 77, 190, 61, 175, 240, 184, 145]","[108, 184, 145]","[77, 190, 240]","[268, 61, 175]","[1, 7, 10, 20, 124, 61, 108, 175, 184, 145, 268, 1]","[(1, 7), (7, 30), (268, 240), (20, 82), (82, 61), (30, 20), (77, 175), (190, 268), (61, 77), (175, 190), (240, 1)]","[(1, 0.0), (7, 0.0), (10, 0.0), (20, 0.0), (124, 0.0), (61, 1001.0), (108, 2010.0), (175, 4014.0), (184, 5019.0), (145, 6023.0), (268, 8034.0), (1, 9036.0)]"
2026-06-17 12:37:10,15,25.0,25.0,-40972.38,-12581.45,69.29,7489.0,48461.38,666.594,9,3,3,3,9036.0,1518,"[108, 268, 77, 190, 61, 175, 240, 184, 145]","[108, 184, 145]","[77, 190, 240]","[268, 61, 175]","[1, 7, 10, 20, 124, 61, 108, 175, 184, 145, 268, 1]","[(1, 7), (7, 30), (268, 240), (20, 82), (82, 61), (30, 20), (77, 175), (190, 268), (61, 77), (175, 190), (240, 1)]","[(1, 0.0), (7, 0.0), (10, 0.0), (20, 0.0), (124, 0.0), (61, 1001.0), (108, 2010.0), (175, 4014.0), (184, 5019.0), (145, 6023.0), (268, 8034.0), (1, 9036.0)]"
2026-06-17 12:37:11,15,25.1,25.1,-40972.38,-12637.02,69.16,7489.0,48461.38,666.594,9,3,3,3,9036.0,1572,"[108, 268, 77, 190, 61, 175, 240, 184, 145]","[108, 184, 145]","[77, 190, 240]","[268, 61, 175]","[1, 7, 10, 20, 124, 61, 108, 175, 184, 145, 268, 1]","[(1, 7), (7, 30), (268, 240), (20, 82), (82, 61), (30, 20), (77, 175), (190, 268), (61, 77), (175, 190), (240, 1)]","[(1, 0.0), (7, 0.0), (10, 0.0), (20, 0.0), (124, 0.0), (61, 1001.0), (108, 2010.0), (175, 4014.0), (184, 5019.0), (145, 6023.0), (268, 8034.0), (1, 9036.0)]"
2026-06-17 12:37:12,15,26.2,26.1,-40118.12,-13065.16,67.43,7489.0,47607.12,654.8434,9,1,4,4,9036.0,1786,"[108, 268, 77, 190, 61, 175, 240, 184, 145]",[145],"[108, 77, 190, 240]","[268, 61, 175, 184]","[1, 7, 10, 20, 124, 61, 175, 184, 145, 268, 1]","[(1, 7), (108, 268), (7, 30), (268, 240), (20, 82), (82, 61), (30, 20), (77, 175), (190, 184), (61, 77), (175, 190), (240, 1), (184, 108)]","[(1, 0.0), (7, 0.0), (10, 0.0), (20, 0.0), (124, 0.0), (61, 1001.0), (175, 3005.0), (184, 5019.0), (145, 6023.0), (268, 8034.0), (1, 9036.0)]"
2026-06-17 12:37:12,15,26.3,26.3,-39976.71,-13131.52,67.15,8295.0,48271.71,663.985,10,1,5,4,10045.0,1806,"[108, 268, 82, 77, 190, 61, 175, 240, 184, 145]",[145],"[108, 82, 77, 190, 240]","[268, 61, 175, 184]","[1, 7, 10, 20, 124, 61, 175, 184, 145, 268, 1]","[(1, 7), (108, 268), (7, 30), (268, 240), (20, 82), (82, 61), (30, 20), (77, 175), (190, 184), (61, 77), (175, 190), (240, 1), (184, 108)]","[(1, 0.0), (7, 0.0), (10, 0.0), (20, 0.0), (124, 0.0), (61, 2010.0), (175, 4014.0), (184, 6028.0), (145, 7032.0), (268, 9043.0), (1, 10045.0)]"
2026-06-17 12:37:13,15,27.4,27.4,-39949.89,-13450.54,66.33,7793.0,47742.89,656.711,9,0,5,4,9041.0,1980,"[108, 268, 82, 77, 190, 61, 175, 240, 184]",[],"[108, 82, 77, 190, 240]","[268, 61, 175, 184]","[1, 7, 10, 20, 124, 61, 175, 184, 145, 268, 1]","[(1, 7), (108, 268), (7, 30), (268, 240), (20, 82), (82, 61), (30, 20), (77, 175), (190, 184), (61, 77), (175, 190), (240, 1), (184, 108)]","[(1, 0.0), (7, 0.0), (10, 0.0), (20, 0.0), (124, -0.0), (61, 2010.0), (175, 4014.0), (184, 6028.0), (145, 6028.0), (268, 8039.0), (1, 9041.0)]"
2026-06-17 12:37:19,15,33.9,33.9,-39901.52,-14546.9,63.54,9069.0,48970.52,673.5973,11,2,5,4,11050.0,4323,"[108, 268, 82, 124, 77, 190, 61, 175, 240, 184, 145]","[124, 184]","[108, 82, 77, 190, 240]","[268, 61, 175, 145]","[1, 7, 10, 20, 124, 61, 175, 184, 145, 268, 1]","[(1, 7), (108, 145), (7, 30), (268, 240), (20, 82), (82, 61), (30, 20), (77, 175), (190, 268), (61, 77), (175, 108), (240, 1), (145, 190)]","[(1, 0.0), (7, 0.0), (10, 0.0), (20, 0.0), (124, 1005.0), (61, 3015.0), (175, 5019.0), (184, 6024.0), (145, 8037.0), (268, 10048.0), (1, 11050.0)]"
2026-06-17 12:38:39,15,113.7,113.7,-39901.52,-18413.31,53.85,9069.0,48970.52,673.5973,11,2,5,4,11050.0,39554,"[108, 268, 82, 124, 77, 190, 61, 175, 240, 184, 145]","[124, 184]","[108, 82, 77, 190, 240]","[268, 61, 175, 145]","[1, 7, 10, 20, 124, 61, 175, 184, 145, 268, 1]","[(1, 7), (108, 145), (7, 30), (268, 240), (20, 82), (82, 61), (30, 20), (77, 175), (190, 268), (61, 77), (175, 108), (240, 1), (145, 190)]","[(1, 0.0), (7, 0.0), (10, 0.0), (20, 0.0), (124, 1005.0), (61, 3015.0), (175, 5019.0), (184, 6024.0), (145, 8037.0), (268, 10048.0), (1, 11050.0)]"
2026-06-17 12:40:57,15,251.3,251.3,-39901.52,-20256.22,49.23,9069.0,48970.52,673.5973,11,2,5,4,11050.0,94428,"[108, 268, 82, 124, 77, 190, 61, 175, 240, 184, 145]","[124, 184]","[108, 82, 77, 190, 240]","[268, 61, 175, 145]","[1, 7, 10, 20, 124, 61, 175, 184, 145, 268, 1]","[(1, 7), (108, 145), (7, 30), (268, 240), (20, 82), (82, 61), (30, 20), (77, 175), (190, 268), (61, 77), (175, 108), (240, 1), (145, 190)]","[(1, 0.0), (7, 0.0), (10, 0.0), (20, 0.0), (124, 1005.0), (61, 3015.0), (175, 5019.0), (184, 6024.0), (145, 8037.0), (268, 10048.0), (1, 11050.0)]"
2026-06-17 12:43:56,15,430.8,430.8,-38946.65,-21368.82,45.13,8213.0,47159.65,648.6885,10,1,5,4,10048.0,156992,"[108, 268, 82, 124, 77, 190, 61, 175, 184, 145]",[124],"[82, 77, 190, 184, 145]","[108, 268, 61, 175]","[1, 7, 10, 20, 124, 61, 108, 175, 268, 1]","[(1, 240), (108, 184), (268, 145), (20, 82), (82, 61), (10, 30), (30, 20), (77, 108), (190, 268), (61, 77), (175, 190), (240, 10), (184, 175), (145, 1)]","[(1, 0.0), (7, 0.0), (10, 0.0), (20, 0.0), (124, 1005.0), (61, 3015.0), (108, 5026.0), (175, 7033.0), (268, 9044.0), (1, 10048.0)]"
2026-06-17 12:43:58,15,433.0,433.0,-38849.95,-21382.94,44.96,7439.0,46288.95,636.7119,9,0,5,4,9043.0,158325,"[108, 268, 82, 77, 190, 61, 175, 184, 145]",[],"[82, 77, 190, 184, 145]","[108, 268, 61, 175]","[1, 7, 10, 20, 124, 61, 108, 175, 268, 1]","[(1, 240), (108, 184), (268, 145), (20, 82), (82, 61), (10, 30), (30, 20), (77, 108), (190, 268), (61, 77), (175, 190), (240, 10), (184, 175), (145, 1)]","[(1, 0.0), (7, 0.0), (10, 0.0), (20, 0.0), (124, 0.0), (61, 2010.0), (108, 4021.0), (175, 6028.0), (268, 8039.0), (1, 9043.0)]"
2026-06-17 12:44:43,15,477.4,477.4,-38849.95,-21622.13,44.34,7439.0,46288.95,636.7119,9,0,5,4,9043.0,172433,"[108, 268, 82, 77, 190, 61, 175, 184, 145]",[],"[82, 77, 190, 184, 145]","[108, 268, 61, 175]","[1, 7, 10, 20, 124, 61, 108, 175, 268, 1]","[(1, 240), (108, 184), (268, 145), (20, 82), (82, 61), (10, 30), (30, 20), (77, 108), (190, 268), (61, 77), (175, 190), (240, 10), (184, 175), (145, 1)]","[(1, 0.0), (7, 0.0), (10, 0.0), (20, 0.0), (124, 0.0), (61, 2010.0), (108, 4021.0), (175, 6028.0), (268, 8039.0), (1, 9043.0)]"
2026-06-17 12:44:48,15,482.4,482.3,-38849.95,-21630.69,44.32,7439.0,46288.95,636.7119,9,0,5,4,9043.0,173012,"[108, 268, 82, 77, 190, 61, 175, 184, 145]",[],"[82, 77, 190, 184, 145]","[108, 268, 61, 175]","[1, 7, 10, 20, 124, 61, 108, 175, 268, 1]","[(1, 240), (108, 184), (268, 145), (20, 82), (82, 61), (10, 30), (30, 20), (77, 108), (190, 268), (61, 77), (175, 190), (240, 10), (184, 175), (145, 1)]","[(1, 0.0), (7, 0.0), (10, 0.0), (20, 0.0), (124, 0.0), (61, 2010.0), (108, 4021.0), (175, 6028.0), (268, 8039.0), (1, 9043.0)]"
2026-06-17 12:46:48,15,603.0,603.0,-38849.95,-22192.78,42.88,7439.0,46288.95,636.7119,9,0,5,4,9043.0,212163,"[108, 268, 82, 77, 190, 61, 175, 184, 145]",[],"[82, 77, 190, 184, 145]","[108, 268, 61, 175]","[1, 7, 10, 20, 124, 61, 108, 175, 268, 1]","[(1, 240), (108, 184), (268, 145), (20, 82), (82, 61), (10, 30), (30, 20), (77, 108), (190, 268), (61, 77), (175, 190), (240, 10), (184, 175), (145, 1)]","[(1, 0.0), (7, 0.0), (10, 0.0), (20, 0.0), (124, 0.0), (61, 2010.0), (108, 4021.0), (175, 6028.0), (268, 8039.0), (1, 9043.0)]"
2026-06-17 12:46:56,15,610.7,610.7,-38849.95,-22223.24,42.8,7439.0,46288.95,636.7119,9,0,5,4,9043.0,215126,"[108, 268, 82, 77, 190, 61, 175, 184, 145]",[],"[82, 77, 190, 184, 145]","[108, 268, 61, 175]","[1, 7, 10, 20, 124, 61, 108, 175, 268, 1]","[(1, 240), (108, 184), (268, 145), (20, 82), (82, 61), (10, 30), (30, 20), (77, 108), (190, 268), (61, 77), (175, 190), (240, 10), (184, 175), (145, 1)]","[(1, 0.0), (7, 0.0), (10, 0.0), (20, 0.0), (124, 0.0), (61, 2010.0), (108, 4021.0), (175, 6028.0), (268, 8039.0), (1, 9043.0)]"
2026-06-17 12:46:59,15,613.1,613.1,-38849.95,-22227.52,42.79,7439.0,46288.95,636.7118,9,0,5,4,9043.0,215491,"[108, 268, 82, 77, 190, 61, 175, 184, 145]",[],"[82, 77, 190, 184, 145]","[108, 268, 61, 175]","[1, 7, 10, 20, 124, 61, 108, 175, 268, 1]","[(1, 240), (108, 184), (268, 145), (20, 82), (82, 61), (10, 30), (30, 20), (77, 108), (190, 268), (61, 77), (175, 190), (240, 10), (184, 175), (145, 1)]","[(1, 0.0), (7, 0.0), (10, 0.0), (20, 0.0), (124, 0.0), (61, 2010.0), (108, 4021.0), (175, 6028.0), (268, 8039.0), (1, 9043.0)]"
2026-06-17 12:53:23,15,997.8,997.7,-38666.79,-23414.71,39.44,8213.0,46879.79,644.8389,10,0,5,5,10048.0,337915,"[108, 268, 82, 124, 77, 190, 61, 175, 184, 145]",[],"[82, 77, 190, 184, 145]","[108, 268, 124, 61, 175]","[1, 7, 10, 20, 124, 61, 108, 175, 268, 1]","[(1, 240), (108, 82), (268, 184), (82, 175), (124, 30), (10, 145), (30, 61), (77, 108), (190, 268), (61, 77), (175, 190), (240, 10), (184, 1), (145, 124)]","[(1, 0.0), (7, 0.0), (10, 0.0), (20, 0.0), (124, 2009.0), (61, 3010.0), (108, 5021.0), (175, 7032.0), (268, 9043.0), (1, 10048.0)]"
2026-06-17 12:53:26,15,1000.2,1000.2,-38294.03,-23422.72,38.83,7711.0,46005.03,632.8064,9,0,4,5,9044.0,338783,"[108, 268, 82, 124, 77, 190, 61, 175, 184]",[],"[82, 77, 190, 184]","[108, 268, 124, 61, 175]","[1, 7, 10, 20, 124, 61, 108, 175, 268, 1]","[(1, 240), (108, 82), (268, 184), (82, 175), (124, 30), (10, 145), (30, 61), (77, 108), (190, 268), (61, 77), (175, 190), (240, 10), (184, 1), (145, 124)]","[(1, 0.0), (7, 0.0), (10, 0.0), (20, 0.0), (124, 1005.0), (61, 2006.0), (108, 4017.0), (175, 6028.0), (268, 8039.0), (1, 9044.0)]"
2026-06-17 12:54:35,15,1069.9,1069.9,-38294.03,-23592.72,38.39,7711.0,46005.03,632.8064,9,0,4,5,9044.0,360093,"[108, 268, 82, 124, 77, 190, 61, 175, 184]",[],"[82, 77, 190, 184]","[108, 268, 124, 61, 175]","[1, 7, 10, 20, 124, 61, 108, 175, 268, 1]","[(1, 240), (108, 82), (268, 184), (82, 175), (124, 30), (10, 145), (30, 61), (77, 108), (190, 268), (61, 77), (175, 190), (240, 10), (184, 1), (145, 124)]","[(1, 0.0), (7, 0.0), (10, 0.0), (20, 0.0), (124, 1005.0), (61, 2006.0), (108, 4017.0), (175, 6028.0), (268, 8039.0), (1, 9044.0)]"
2026-06-17 12:54:38,15,1072.3,1072.3,-38294.03,-23594.14,38.39,7711.0,46005.03,632.8064,9,0,4,5,9044.0,360482,"[108, 268, 82, 124, 77, 190, 61, 175, 184]",[],"[82, 77, 190, 184]","[108, 268, 124, 61, 175]","[1, 7, 10, 20, 124, 61, 108, 175, 268, 1]","[(1, 240), (108, 82), (268, 184), (82, 175), (124, 30), (10, 145), (30, 61), (77, 108), (190, 268), (61, 77), (175, 190), (240, 10), (184, 1), (145, 124)]","[(1, 0.0), (7, 0.0), (10, 0.0), (20, 0.0), (124, 1005.0), (61, 2006.0), (108, 4017.0), (175, 6028.0), (268, 8039.0), (1, 9044.0)]"
2026-06-17 12:54:46,15,1080.5,1080.4,-38294.03,-23607.3,38.35,7711.0,46005.03,632.8064,9,0,4,5,9044.0,361981,"[108, 268, 82, 124, 77, 190, 61, 175, 184]",[],"[82, 77, 190, 184]","[108, 268, 124, 61, 175]","[1, 7, 10, 20, 124, 61, 108, 175, 268, 1]","[(1, 240), (108, 82), (268, 184), (82, 175), (124, 30), (10, 145), (30, 61), (77, 108), (190, 268), (61, 77), (175, 190), (240, 10), (184, 1), (145, 124)]","[(1, 0.0), (7, 0.0), (10, 0.0), (20, 0.0), (124, 1005.0), (61, 2006.0), (108, 4017.0), (175, 6028.0), (268, 8039.0), (1, 9044.0)]"
2026-06-17 12:55:27,15,1121.1,1121.1,-38294.03,-23704.05,38.1,7711.0,46005.03,632.8064,9,0,4,5,9044.0,375323,"[108, 268, 82, 124, 77, 190, 61, 175, 184]",[],"[82, 77, 190, 184]","[108, 268, 124, 61, 175]","[1, 7, 10, 20, 124, 61, 108, 175, 268, 1]","[(1, 240), (108, 82), (268, 184), (82, 175), (124, 30), (10, 145), (30, 61), (77, 108), (190, 268), (61, 77), (175, 190), (240, 10), (184, 1), (145, 124)]","[(1, 0.0), (7, 0.0), (10, 0.0), (20, 0.0), (124, 1005.0), (61, 2006.0), (108, 4017.0), (175, 6028.0), (268, 8039.0), (1, 9044.0)]"
2026-06-17 12:57:37,15,1252.0,1251.9,-38294.03,-23983.44,37.37,7711.0,46005.03,632.8064,9,0,4,5,9044.0,415310,"[108, 268, 82, 124, 77, 190, 61, 175, 184]",[],"[82, 77, 190, 184]","[108, 268, 124, 61, 175]","[1, 7, 10, 20, 124, 61, 108, 175, 268, 1]","[(1, 240), (108, 82), (268, 184), (82, 175), (124, 30), (10, 145), (30, 61), (77, 108), (190, 268), (61, 77), (175, 190), (240, 10), (184, 1), (145, 124)]","[(1, 0.0), (7, 0.0), (10, 0.0), (20, 0.0), (124, 1005.0), (61, 2006.0), (108, 4017.0), (175, 6028.0), (268, 8039.0), (1, 9044.0)]"
2026-06-17 12:59:58,15,1392.8,1392.7,-38294.02,-24232.95,36.72,7711.0,46005.02,632.8064,9,0,4,5,9044.0,454346,"[108, 268, 82, 124, 77, 190, 61, 175, 184]",[],"[82, 77, 190, 184]","[108, 268, 124, 61, 175]","[1, 7, 10, 20, 124, 61, 108, 175, 268, 1]","[(1, 240), (108, 82), (268, 184), (82, 175), (124, 30), (10, 145), (30, 61), (77, 108), (190, 268), (61, 77), (175, 190), (240, 10), (184, 1), (145, 124)]","[(1, 0.0), (7, 0.0), (10, 0.0), (20, 0.0), (124, 1005.0), (61, 2006.0), (108, 4017.0), (175, 6028.0), (268, 8039.0), (1, 9044.0)]"
2026-06-17 13:08:37,15,1911.1,1911.0,-38294.02,-25037.46,34.62,7711.0,46005.02,632.8064,9,0,4,5,9044.0,605156,"[108, 268, 82, 124, 77, 190, 61, 175, 184]",[],"[82, 77, 190, 184]","[108, 268, 124, 61, 175]","[1, 7, 10, 20, 124, 61, 108, 175, 268, 1]","[(1, 240), (108, 82), (268, 184), (82, 175), (124, 30), (10, 145), (30, 61), (77, 108), (190, 268), (61, 77), (175, 190), (240, 10), (184, 1), (145, 124)]","[(1, 0.0), (7, 0.0), (10, 0.0), (20, 0.0), (124, 1005.0), (61, 2006.0), (108, 4017.0), (175, 6028.0), (268, 8039.0), (1, 9044.0)]"
2026-06-17 13:37:16,15,3630.6,3630.5,-38294.02,-26660.7,30.38,7711.0,46005.02,632.8063,9,0,4,5,9044.0,1063520,"[108, 268, 82, 124, 77, 190, 61, 175, 184]",[],"[82, 77, 190, 184]","[108, 268, 124, 61, 175]","[1, 7, 10, 20, 124, 61, 108, 175, 268, 1]","[(1, 240), (108, 82), (268, 184), (82, 175), (124, 30), (10, 145), (30, 61), (77, 108), (190, 268), (61, 77), (175, 190), (240, 10), (184, 1), (145, 124)]","[(1, 0.0), (7, 0.0), (10, 0.0), (20, 0.0), (124, 1005.0), (61, 2006.0), (108, 4017.0), (175, 6028.0), (268, 8039.0), (1, 9044.0)]"
2026-06-17 19:45:47,15,25741.7,25741.6,-38294.02,-33276.4,13.1,7711.0,46005.02,632.8063,9,0,4,5,9044.0,6190134,"[108, 268, 82, 124, 77, 190, 61, 175, 184]",[],"[82, 77, 190, 184]","[108, 268, 124, 61, 175]","[1, 7, 10, 20, 124, 61, 108, 175, 268, 1]","[(1, 240), (108, 82), (268, 184), (82, 175), (124, 30), (10, 145), (30, 61), (77, 108), (190, 268), (61, 77), (175, 190), (240, 10), (184, 1), (145, 124)]","[(1, 0.0), (7, 0.0), (10, 0.0), (20, 0.0), (124, 1005.0), (61, 2006.0), (108, 4017.0), (175, 6028.0), (268, 8039.0), (1, 9044.0)]"
2026-06-17 23:01:19,15,37473.3,37473.3,-38013.31,-35115.27,7.62,10718.0,48731.31,670.3068,13,2,7,4,13062.0,9411617,"[108, 7, 268, 20, 82, 124, 10, 30, 77, 190, 61, 240, 184]","[7, 184]","[108, 268, 82, 30, 77, 190, 240]","[20, 124, 10, 61]","[1, 145, 184, 175, 61, 124, 20, 10, 7, 1]","[(1, 190), (108, 175), (268, 10), (20, 268), (82, 61), (124, 30), (10, 240), (30, 20), (77, 124), (190, 145), (61, 77), (175, 82), (240, 1), (145, 108)]","[(1, 0.0), (145, 1009.0), (184, 2014.0), (175, 3023.0), (61, 5033.0), (124, 7040.0), (20, 9056.0), (10, 11059.0), (7, 12060.0), (1, 13062.0)]"
2026-06-17 23:01:23,15,37477.9,37477.9,-37234.81,-35116.43,5.69,10909.0,48143.81,662.2257,13,2,6,5,13056.0,9413817,"[108, 7, 268, 20, 82, 124, 10, 77, 190, 61, 175, 240, 184]","[7, 184]","[108, 268, 82, 77, 190, 240]","[20, 124, 10, 61, 175]","[1, 145, 184, 175, 61, 124, 20, 10, 7, 1]","[(1, 190), (108, 175), (268, 10), (20, 268), (82, 124), (124, 30), (10, 240), (30, 20), (77, 61), (190, 145), (61, 82), (175, 77), (240, 1), (145, 108)]","[(1, 0.0), (145, 1009.0), (184, 2014.0), (175, 4025.0), (61, 6028.0), (124, 8042.0), (20, 9050.0), (10, 11053.0), (7, 12054.0), (1, 13056.0)]"
2026-06-17 23:01:29,15,37483.2,37483.1,-37234.81,-35117.56,5.69,10909.0,48143.81,662.2257,13,2,6,5,13056.0,9415157,"[108, 7, 268, 20, 82, 124, 10, 77, 190, 61, 175, 240, 184]","[7, 184]","[108, 268, 82, 77, 190, 240]","[20, 124, 10, 61, 175]","[1, 145, 184, 175, 61, 124, 20, 10, 7, 1]","[(1, 190), (108, 175), (268, 10), (20, 268), (82, 124), (124, 30), (10, 240), (30, 20), (77, 61), (190, 145), (61, 82), (175, 77), (240, 1), (145, 108)]","[(1, 0.0), (145, 1009.0), (184, 2014.0), (175, 4025.0), (61, 6028.0), (124, 8042.0), (20, 9050.0), (10, 11053.0), (7, 12054.0), (1, 13056.0)]"
2026-06-17 23:01:47,15,37501.6,37501.6,-37234.8,-35123.55,5.67,10909.0,48143.8,662.2256,13,2,6,5,13056.0,9425205,"[108, 7, 268, 20, 82, 124, 10, 77, 190, 61, 175, 240, 184]","[7, 184]","[108, 268, 82, 77, 190, 240]","[20, 124, 10, 61, 175]","[1, 145, 184, 175, 61, 124, 20, 10, 7, 1]","[(1, 190), (108, 175), (268, 10), (20, 268), (82, 124), (124, 30), (10, 240), (30, 20), (77, 61), (190, 145), (61, 82), (175, 77), (240, 1), (145, 108)]","[(1, 0.0), (145, 1009.0), (184, 2014.0), (175, 4025.0), (61, 6028.0), (124, 8042.0), (20, 9050.0), (10, 11053.0), (7, 12054.0), (1, 13056.0)]"
2026-06-17 23:01:56,15,37510.8,37510.7,-37175.6,-35127.1,5.51,10909.0,48084.6,661.4113,13,2,6,5,13056.0,9428442,"[108, 7, 268, 20, 82, 124, 10, 77, 190, 61, 175, 240, 184]","[10, 184]","[108, 268, 82, 77, 190, 240]","[7, 20, 124, 61, 175]","[1, 145, 184, 175, 61, 124, 20, 10, 7, 1]","[(1, 190), (108, 175), (7, 240), (268, 7), (20, 268), (82, 124), (124, 30), (30, 20), (77, 61), (190, 145), (61, 82), (175, 77), (240, 1), (145, 108)]","[(1, 0.0), (145, 1009.0), (184, 2014.0), (175, 4025.0), (61, 6028.0), (124, 8042.0), (20, 9050.0), (10, 10051.0), (7, 12054.0), (1, 13056.0)]"
2026-06-17 23:02:25,15,37539.3,37539.2,-37175.6,-35136.31,5.49,10909.0,48084.6,661.4113,13,2,6,5,13056.0,9441477,"[108, 7, 268, 20, 82, 124, 10, 77, 190, 61, 175, 240, 184]","[10, 184]","[108, 268, 82, 77, 190, 240]","[7, 20, 124, 61, 175]","[1, 145, 184, 175, 61, 124, 20, 10, 7, 1]","[(1, 190), (108, 175), (7, 240), (268, 7), (20, 268), (82, 124), (124, 30), (30, 20), (77, 61), (190, 145), (61, 82), (175, 77), (240, 1), (145, 108)]","[(1, 0.0), (145, 1009.0), (184, 2014.0), (175, 4025.0), (61, 6028.0), (124, 8042.0), (20, 9050.0), (10, 10051.0), (7, 12054.0), (1, 13056.0)]"
2026-06-17 23:02:30,15,37544.2,37544.1,-37175.6,-35138.11,5.48,10909.0,48084.6,661.4113,13,2,6,5,13056.0,9443024,"[108, 7, 268, 20, 82, 124, 10, 77, 190, 61, 175, 240, 184]","[10, 184]","[108, 268, 82, 77, 190, 240]","[7, 20, 124, 61, 175]","[1, 145, 184, 175, 61, 124, 20, 10, 7, 1]","[(1, 190), (108, 175), (7, 240), (268, 7), (20, 268), (82, 124), (124, 30), (30, 20), (77, 61), (190, 145), (61, 82), (175, 77), (240, 1), (145, 108)]","[(1, 0.0), (145, 1009.0), (184, 2014.0), (175, 4025.0), (61, 6028.0), (124, 8042.0), (20, 9050.0), (10, 10051.0), (7, 12054.0), (1, 13056.0)]"
2026-06-17 23:02:39,15,37553.7,37553.6,-37175.6,-35140.2,5.48,10909.0,48084.6,661.4113,13,2,6,5,13056.0,9446712,"[108, 7, 268, 20, 82, 124, 10, 77, 190, 61, 175, 240, 184]","[10, 184]","[108, 268, 82, 77, 190, 240]","[7, 20, 124, 61, 175]","[1, 145, 184, 175, 61, 124, 20, 10, 7, 1]","[(1, 190), (108, 175), (7, 240), (268, 7), (20, 268), (82, 124), (124, 30), (30, 20), (77, 61), (190, 145), (61, 82), (175, 77), (240, 1), (145, 108)]","[(1, 0.0), (145, 1009.0), (184, 2014.0), (175, 4025.0), (61, 6028.0), (124, 8042.0), (20, 9050.0), (10, 10051.0), (7, 12054.0), (1, 13056.0)]"
2026-06-17 23:03:13,15,37587.7,37587.6,-37175.6,-35152.8,5.44,10909.0,48084.6,661.4113,13,2,6,5,13056.0,9461934,"[108, 7, 268, 20, 82, 124, 10, 77, 190, 61, 175, 240, 184]","[10, 184]","[108, 268, 82, 77, 190, 240]","[7, 20, 124, 61, 175]","[1, 145, 184, 175, 61, 124, 20, 10, 7, 1]","[(1, 190), (108, 175), (7, 240), (268, 7), (20, 268), (82, 124), (124, 30), (30, 20), (77, 61), (190, 145), (61, 82), (175, 77), (240, 1), (145, 108)]","[(1, 0.0), (145, 1009.0), (184, 2014.0), (175, 4025.0), (61, 6028.0), (124, 8042.0), (20, 9050.0), (10, 10051.0), (7, 12054.0), (1, 13056.0)]"
2026-06-17 23:03:13,15,37587.8,37587.7,-36499.18,-35152.8,3.69,9377.0,45876.18,631.0341,11,3,5,3,11045.0,9461936,"[108, 7, 268, 20, 82, 124, 10, 77, 61, 240, 184]","[124, 10, 184]","[108, 268, 82, 77, 240]","[7, 20, 61]","[1, 145, 184, 175, 61, 124, 30, 20, 10, 7, 1]","[(1, 190), (108, 175), (7, 240), (268, 7), (20, 268), (82, 61), (77, 20), (190, 145), (61, 77), (175, 82), (240, 1), (145, 108)]","[(1, 0.0), (145, 0.0), (184, 1005.0), (175, 2014.0), (61, 4024.0), (124, 5029.0), (30, 5029.0), (20, 7039.0), (10, 8040.0), (7, 10043.0), (1, 11045.0)]"
2026-06-17 23:03:23,15,37597.5,37597.5,-36499.18,-35155.47,3.68,9377.0,45876.18,631.0341,11,3,5,3,11045.0,9465305,"[108, 7, 268, 20, 82, 124, 10, 77, 61, 240, 184]","[124, 10, 184]","[108, 268, 82, 77, 240]","[7, 20, 61]","[1, 145, 184, 175, 61, 124, 30, 20, 10, 7, 1]","[(1, 190), (108, 175), (7, 240), (268, 7), (20, 268), (82, 61), (77, 20), (190, 145), (61, 77), (175, 82), (240, 1), (145, 108)]","[(1, 0.0), (145, 0.0), (184, 1005.0), (175, 2014.0), (61, 4024.0), (124, 5029.0), (30, 5029.0), (20, 7039.0), (10, 8040.0), (7, 10043.0), (1, 11045.0)]"
2026-06-17 23:03:23,15,37597.7,37597.6,-36499.18,-35155.47,3.68,9377.0,45876.18,631.0341,11,3,5,3,11045.0,9466358,"[108, 7, 268, 20, 82, 124, 10, 77, 61, 240, 184]","[124, 10, 184]","[108, 268, 82, 77, 240]","[7, 20, 61]","[1, 145, 184, 175, 61, 124, 30, 20, 10, 7, 1]","[(1, 190), (108, 175), (7, 240), (268, 7), (20, 268), (82, 61), (77, 20), (190, 145), (61, 77), (175, 82), (240, 1), (145, 108)]","[(1, 0.0), (145, 0.0), (184, 1005.0), (175, 2014.0), (61, 4024.0), (124, 5029.0), (30, 5029.0), (20, 7039.0), (10, 8040.0), (7, 10043.0), (1, 11045.0)]"
2026-06-17 23:03:29,15,37603.2,37603.1,-36499.18,-35157.51,3.68,9377.0,45876.18,631.0341,11,3,5,3,11045.0,9468918,"[108, 7, 268, 20, 82, 124, 10, 77, 61, 240, 184]","[124, 10, 184]","[108, 268, 82, 77, 240]","[7, 20, 61]","[1, 145, 184, 175, 61, 124, 30, 20, 10, 7, 1]","[(1, 190), (108, 175), (7, 240), (268, 7), (20, 268), (82, 61), (77, 20), (190, 145), (61, 77), (175, 82), (240, 1), (145, 108)]","[(1, 0.0), (145, 0.0), (184, 1005.0), (175, 2014.0), (61, 4024.0), (124, 5029.0), (30, 5029.0), (20, 7039.0), (10, 8040.0), (7, 10043.0), (1, 11045.0)]"
2026-06-17 23:04:48,15,37683.0,37683.0,-36499.18,-35166.6,3.65,9377.0,45876.18,631.0341,11,3,5,3,11045.0,9491799,"[108, 7, 268, 20, 82, 124, 10, 77, 61, 240, 184]","[124, 10, 184]","[108, 268, 82, 77, 240]","[7, 20, 61]","[1, 145, 184, 175, 61, 124, 30, 20, 10, 7, 1]","[(1, 190), (108, 175), (7, 240), (268, 7), (20, 268), (82, 61), (77, 20), (190, 145), (61, 77), (175, 82), (240, 1), (145, 108)]","[(1, 0.0), (145, 0.0), (184, 1005.0), (175, 2014.0), (61, 4024.0), (124, 5029.0), (30, 5029.0), (20, 7039.0), (10, 8040.0), (7, 10043.0), (1, 11045.0)]"
2026-06-17 23:24:02,15,38836.1,38836.1,-36499.18,-35509.0,2.71,9377.0,45876.18,631.0341,11,3,5,3,11045.0,9993489,"[108, 7, 268, 20, 82, 124, 10, 77, 61, 240, 184]","[124, 10, 184]","[108, 268, 82, 77, 240]","[7, 20, 61]","[1, 145, 184, 175, 61, 124, 30, 20, 10, 7, 1]","[(1, 190), (108, 175), (7, 240), (268, 7), (20, 268), (82, 61), (77, 20), (190, 145), (61, 77), (175, 82), (240, 1), (145, 108)]","[(1, 0.0), (145, 0.0), (184, 1005.0), (175, 2014.0), (61, 4024.0), (124, 5029.0), (30, 5029.0), (20, 7039.0), (10, 8040.0), (7, 10043.0), (1, 11045.0)]"
2026-06-17 23:24:25,15,38859.5,38859.4,-36499.18,-35518.38,2.69,9377.0,45876.18,631.0341,11,3,5,3,11045.0,10007082,"[108, 7, 268, 20, 82, 124, 10, 77, 61, 240, 184]","[124, 10, 184]","[108, 268, 82, 77, 240]","[7, 20, 61]","[1, 145, 184, 175, 61, 124, 30, 20, 10, 7, 1]","[(1, 190), (108, 175), (7, 240), (268, 7), (20, 268), (82, 61), (77, 20), (190, 145), (61, 77), (175, 82), (240, 1), (145, 108)]","[(1, 0.0), (145, 0.0), (184, 1005.0), (175, 2014.0), (61, 4024.0), (124, 5029.0), (30, 5029.0), (20, 7039.0), (10, 8040.0), (7, 10043.0), (1, 11045.0)]"
2026-06-17 23:28:38,15,39112.7,39112.6,-36499.18,-35597.71,2.47,9377.0,45876.18,631.0341,11,3,5,3,11045.0,10139529,"[108, 7, 268, 20, 82, 124, 10, 77, 61, 240, 184]","[124, 10, 184]","[108, 268, 82, 77, 240]","[7, 20, 61]","[1, 145, 184, 175, 61, 124, 30, 20, 10, 7, 1]","[(1, 190), (108, 175), (7, 240), (268, 7), (20, 268), (82, 61), (77, 20), (190, 145), (61, 77), (175, 82), (240, 1), (145, 108)]","[(1, 0.0), (145, 0.0), (184, 1005.0), (175, 2014.0), (61, 4024.0), (124, 5029.0), (30, 5029.0), (20, 7039.0), (10, 8040.0), (7, 10043.0), (1, 11045.0)]"
2026-06-17 23:30:13,15,39207.8,39207.8,-36499.18,-35602.8,2.46,9377.0,45876.18,631.0341,11,3,5,3,11045.0,10166386,"[108, 7, 268, 20, 82, 124, 10, 77, 61, 240, 184]","[124, 10, 184]","[108, 268, 82, 77, 240]","[7, 20, 61]","[1, 145, 184, 175, 61, 124, 30, 20, 10, 7, 1]","[(1, 190), (108, 175), (7, 240), (268, 7), (20, 268), (82, 61), (77, 20), (190, 145), (61, 77), (175, 82), (240, 1), (145, 108)]","[(1, 0.0), (145, 0.0), (184, 1005.0), (175, 2014.0), (61, 4024.0), (124, 5029.0), (30, 5029.0), (20, 7039.0), (10, 8040.0), (7, 10043.0), (1, 11045.0)]"
2026-06-17 23:50:24,15,40418.6,40418.6,-36397.39,-35992.96,1.11,9094.0,45491.39,625.7413,11,2,5,4,11051.0,10932562,"[108, 7, 20, 82, 124, 10, 30, 77, 61, 240, 184]","[124, 10]","[82, 30, 77, 240, 184]","[108, 7, 20, 61]","[1, 268, 175, 108, 61, 124, 20, 10, 7, 1]","[(1, 145), (108, 77), (7, 240), (268, 190), (20, 30), (82, 108), (30, 7), (77, 61), (190, 175), (61, 184), (175, 82), (240, 1), (184, 20), (145, 268)]","[(1, 0.0), (268, 0.0), (175, 0.0), (108, 2018.0), (61, 4021.0), (124, 5026.0), (20, 7039.0), (10, 8040.0), (7, 10049.0), (1, 11051.0)]"
