n,instance,frac_label,frac,lisa_budget_s,sa_full_budget_s,GAT_beam,SA_scratch_frac,SA_warm_frac,PORTFOLIO_frac,SA_full_best_corrected,gap_vs_SAfull_%,gat_gap_vs_SAfull_%
5,bench_5_1,5%,0.0500,0.50,10.0,-30367.7,-30367.7,-30367.7,-30367.7,-30367.7,+0.000,+0.000
5,bench_5_2,5%,0.0500,0.50,10.0,-35293.6,-35293.6,-35293.6,-35293.6,-35293.6,+0.000,+0.000
5,bench_5_3,5%,0.0500,0.50,10.0,-27075.2,-27075.2,-27075.2,-27075.2,-27075.2,+0.000,+0.000
5,bench_5_4,5%,0.0500,0.50,10.0,-29738.1,-29738.1,-29738.1,-29738.1,-29738.1,-0.000,-0.000
5,bench_5_1,10%,0.1000,1.00,10.0,-30367.7,-30367.7,-30367.7,-30367.7,-30367.7,+0.000,+0.000
5,bench_5_2,10%,0.1000,1.00,10.0,-35293.6,-35293.6,-35293.6,-35293.6,-35293.6,+0.000,+0.000
5,bench_5_3,10%,0.1000,1.00,10.0,-27075.2,-27075.2,-27075.2,-27075.2,-27075.2,+0.000,+0.000
5,bench_5_4,10%,0.1000,1.00,10.0,-29738.1,-29738.1,-29738.1,-29738.1,-29738.1,-0.000,-0.000
5,bench_5_1,20%,0.2000,2.00,10.0,-30367.7,-30367.7,-30367.7,-30367.7,-30367.7,+0.000,+0.000
5,bench_5_2,20%,0.2000,2.00,10.0,-35293.6,-35293.6,-35293.6,-35293.6,-35293.6,+0.000,+0.000
5,bench_5_3,20%,0.2000,2.00,10.0,-27075.2,-27075.2,-27075.2,-27075.2,-27075.2,+0.000,+0.000
5,bench_5_4,20%,0.2000,2.00,10.0,-29738.1,-29738.1,-29738.1,-29738.1,-29738.1,-0.000,-0.000
5,bench_5_1,25%,0.2500,2.50,10.0,-30367.7,-30367.7,-30367.7,-30367.7,-30367.7,+0.000,+0.000
5,bench_5_2,25%,0.2500,2.50,10.0,-35293.6,-35293.6,-35293.6,-35293.6,-35293.6,+0.000,+0.000
5,bench_5_3,25%,0.2500,2.50,10.0,-27075.2,-27075.2,-27075.2,-27075.2,-27075.2,+0.000,+0.000
5,bench_5_4,25%,0.2500,2.50,10.0,-29738.1,-29738.1,-29738.1,-29738.1,-29738.1,-0.000,-0.000
5,bench_5_1,33.33%,0.3333,3.33,10.0,-30367.7,-30367.7,-30367.7,-30367.7,-30367.7,+0.000,+0.000
5,bench_5_2,33.33%,0.3333,3.33,10.0,-35293.6,-35293.6,-35293.6,-35293.6,-35293.6,+0.000,+0.000
5,bench_5_3,33.33%,0.3333,3.33,10.0,-27075.2,-27075.2,-27075.2,-27075.2,-27075.2,+0.000,+0.000
5,bench_5_4,33.33%,0.3333,3.33,10.0,-29738.1,-29738.1,-29738.1,-29738.1,-29738.1,-0.000,-0.000
5,bench_5_1,50%,0.5000,5.00,10.0,-30367.7,-30367.7,-30367.7,-30367.7,-30367.7,+0.000,+0.000
5,bench_5_2,50%,0.5000,5.00,10.0,-35293.6,-35293.6,-35293.6,-35293.6,-35293.6,+0.000,+0.000
5,bench_5_3,50%,0.5000,5.00,10.0,-27075.2,-27075.2,-27075.2,-27075.2,-27075.2,+0.000,+0.000
5,bench_5_4,50%,0.5000,5.00,10.0,-29738.1,-29738.1,-29738.1,-29738.1,-29738.1,-0.000,-0.000
10,bench_10_1,5%,0.0500,1.50,30.0,-37643.1,-41271.6,-37643.1,-37643.1,-37643.1,+0.000,+0.000
10,bench_10_2,5%,0.0500,1.50,30.0,-39787.7,-39603.5,-39491.0,-39491.0,-38915.5,+1.479,+2.241
10,bench_10_3,5%,0.0500,1.50,30.0,-29226.5,-29092.9,-28383.0,-28383.0,-28383.0,+0.000,+2.972
10,bench_10_4,5%,0.0500,1.50,30.0,-37134.5,-37514.0,-37134.5,-37134.5,-36395.7,+2.030,+2.030
10,bench_10_1,10%,0.1000,3.00,30.0,-37643.1,-37643.1,-37643.1,-37643.1,-37643.1,+0.000,+0.000
10,bench_10_2,10%,0.1000,3.00,30.0,-39787.7,-38951.4,-39491.0,-38951.4,-38915.5,+0.092,+2.241
10,bench_10_3,10%,0.1000,3.00,30.0,-29226.5,-29092.9,-28383.0,-28383.0,-28383.0,+0.000,+2.972
10,bench_10_4,10%,0.1000,3.00,30.0,-37134.5,-37141.3,-37134.5,-37134.5,-36395.7,+2.030,+2.030
10,bench_10_1,20%,0.2000,6.00,30.0,-37643.1,-37643.1,-37643.1,-37643.1,-37643.1,+0.000,+0.000
10,bench_10_2,20%,0.2000,6.00,30.0,-39787.7,-38951.4,-38915.5,-38915.5,-38915.5,-0.000,+2.241
10,bench_10_3,20%,0.2000,6.00,30.0,-29226.5,-29092.9,-28383.0,-28383.0,-28383.0,+0.000,+2.972
10,bench_10_4,20%,0.2000,6.00,30.0,-37134.5,-37103.6,-37134.5,-37103.6,-36395.7,+1.945,+2.030
10,bench_10_1,25%,0.2500,7.50,30.0,-37643.1,-37643.1,-37643.1,-37643.1,-37643.1,+0.000,+0.000
10,bench_10_2,25%,0.2500,7.50,30.0,-39787.7,-38951.4,-38915.5,-38915.5,-38915.5,-0.000,+2.241
10,bench_10_3,25%,0.2500,7.50,30.0,-29226.5,-29063.9,-28383.0,-28383.0,-28383.0,+0.000,+2.972
10,bench_10_4,25%,0.2500,7.50,30.0,-37134.5,-37103.6,-37134.5,-37103.6,-36395.7,+1.945,+2.030
10,bench_10_1,33.33%,0.3333,10.00,30.0,-37643.1,-37643.1,-37643.1,-37643.1,-37643.1,+0.000,+0.000
10,bench_10_2,33.33%,0.3333,10.00,30.0,-39787.7,-38951.4,-38915.5,-38915.5,-38915.5,-0.000,+2.241
10,bench_10_3,33.33%,0.3333,10.00,30.0,-29226.5,-28383.0,-28383.0,-28383.0,-28383.0,+0.000,+2.972
10,bench_10_4,33.33%,0.3333,10.00,30.0,-37134.5,-37103.6,-37134.5,-37103.6,-36395.7,+1.945,+2.030
10,bench_10_1,50%,0.5000,15.00,30.0,-37643.1,-37643.1,-37643.1,-37643.1,-37643.1,+0.000,+0.000
10,bench_10_2,50%,0.5000,15.00,30.0,-39787.7,-38951.4,-38977.0,-38951.4,-38915.5,+0.092,+2.241
10,bench_10_3,50%,0.5000,15.00,30.0,-29226.5,-28383.0,-28383.0,-28383.0,-28383.0,+0.000,+2.972
10,bench_10_4,50%,0.5000,15.00,30.0,-37134.5,-36395.7,-37134.5,-36395.7,-36395.7,+0.000,+2.030
15,bench_15_1,5%,0.0500,6.00,120.0,-37052.4,-37043.4,-37000.1,-37000.1,-36385.6,+1.689,+1.833
15,bench_15_2,5%,0.0500,6.00,120.0,-41734.6,-41828.0,-40968.0,-40968.0,-39719.5,+3.143,+5.073
15,bench_15_3,5%,0.0500,6.00,120.0,-38686.2,-37707.5,-38644.8,-37707.5,-36293.6,+3.896,+6.592
15,bench_15_4,5%,0.0500,6.00,120.0,-34589.6,-35546.2,-34589.6,-34589.6,-34558.1,+0.091,+0.091
15,bench_15_1,10%,0.1000,12.00,120.0,-37052.4,-37043.4,-37000.1,-37000.1,-36385.6,+1.689,+1.833
15,bench_15_2,10%,0.1000,12.00,120.0,-41734.6,-41828.0,-40968.0,-40968.0,-39719.5,+3.143,+5.073
15,bench_15_3,10%,0.1000,12.00,120.0,-38686.2,-36293.6,-38644.8,-36293.6,-36293.6,+0.000,+6.592
15,bench_15_4,10%,0.1000,12.00,120.0,-34589.6,-35546.2,-34589.6,-34589.6,-34558.1,+0.091,+0.091
15,bench_15_1,20%,0.2000,24.00,120.0,-37052.4,-37043.4,-37000.1,-37000.1,-36385.6,+1.689,+1.833
15,bench_15_2,20%,0.2000,24.00,120.0,-41734.6,-41828.0,-40968.0,-40968.0,-39719.5,+3.143,+5.073
15,bench_15_3,20%,0.2000,24.00,120.0,-38686.2,-36293.6,-38644.8,-36293.6,-36293.6,+0.000,+6.592
15,bench_15_4,20%,0.2000,24.00,120.0,-34589.6,-35546.2,-34589.6,-34589.6,-34558.1,+0.091,+0.091
15,bench_15_1,25%,0.2500,30.00,120.0,-37052.4,-37043.4,-37000.1,-37000.1,-36385.6,+1.689,+1.833
15,bench_15_2,25%,0.2500,30.00,120.0,-41734.6,-42156.7,-39854.0,-39854.0,-39719.5,+0.339,+5.073
15,bench_15_3,25%,0.2500,30.00,120.0,-38686.2,-36293.6,-38644.8,-36293.6,-36293.6,+0.000,+6.592
15,bench_15_4,25%,0.2500,30.00,120.0,-34589.6,-35546.2,-34589.6,-34589.6,-34558.1,+0.091,+0.091
15,bench_15_1,33.33%,0.3333,40.00,120.0,-37052.4,-37043.4,-36385.6,-36385.6,-36385.6,-0.000,+1.833
15,bench_15_2,33.33%,0.3333,40.00,120.0,-41734.6,-41070.6,-39854.0,-39854.0,-39719.5,+0.339,+5.073
15,bench_15_3,33.33%,0.3333,40.00,120.0,-38686.2,-36293.6,-38644.8,-36293.6,-36293.6,+0.000,+6.592
15,bench_15_4,33.33%,0.3333,40.00,120.0,-34589.6,-35546.2,-34589.6,-34589.6,-34558.1,+0.091,+0.091
15,bench_15_1,50%,0.5000,60.00,120.0,-37052.4,-37043.4,-36385.6,-36385.6,-36385.6,-0.000,+1.833
15,bench_15_2,50%,0.5000,60.00,120.0,-41734.6,-41070.6,-39854.0,-39854.0,-39719.5,+0.339,+5.073
15,bench_15_3,50%,0.5000,60.00,120.0,-38686.2,-36293.6,-38005.8,-36293.6,-36293.6,+0.000,+6.592
15,bench_15_4,50%,0.5000,60.00,120.0,-34589.6,-35546.2,-34589.6,-34589.6,-34558.1,+0.091,+0.091
20,bench_20_1,5%,0.0500,15.00,300.0,-40121.2,-41639.4,-40090.7,-40090.7,-40090.7,-0.000,+0.076
20,bench_20_2,5%,0.0500,15.00,300.0,-40499.6,-41125.1,-40499.6,-40499.6,-38826.7,+4.309,+4.309
20,bench_20_3,5%,0.0500,15.00,300.0,-39178.5,-35533.6,-36490.5,-35533.6,-35024.7,+1.453,+11.860
20,bench_20_4,5%,0.0500,15.00,300.0,-37543.5,-37148.2,-37106.2,-37106.2,-35251.9,+5.260,+6.501
20,bench_20_1,10%,0.1000,30.00,300.0,-40121.2,-40090.7,-40090.7,-40090.7,-40090.7,-0.000,+0.076
20,bench_20_2,10%,0.1000,30.00,300.0,-40499.6,-38826.7,-40499.6,-38826.7,-38826.7,+0.000,+4.309
20,bench_20_3,10%,0.1000,30.00,300.0,-39178.5,-35533.6,-36490.5,-35533.6,-35024.7,+1.453,+11.860
20,bench_20_4,10%,0.1000,30.00,300.0,-37543.5,-38806.7,-37106.2,-37106.2,-35251.9,+5.260,+6.501
20,bench_20_1,20%,0.2000,60.00,300.0,-40121.2,-40193.1,-40090.7,-40090.7,-40090.7,-0.000,+0.076
20,bench_20_2,20%,0.2000,60.00,300.0,-40499.6,-38826.7,-40499.6,-38826.7,-38826.7,+0.000,+4.309
20,bench_20_3,20%,0.2000,60.00,300.0,-39178.5,-35533.6,-35142.8,-35142.8,-35024.7,+0.337,+11.860
20,bench_20_4,20%,0.2000,60.00,300.0,-37543.5,-37088.0,-37080.4,-37080.4,-35251.9,+5.187,+6.501
20,bench_20_1,25%,0.2500,75.00,300.0,-40121.2,-40117.5,-40090.7,-40090.7,-40090.7,-0.000,+0.076
20,bench_20_2,25%,0.2500,75.00,300.0,-40499.6,-38826.7,-40499.6,-38826.7,-38826.7,+0.000,+4.309
20,bench_20_3,25%,0.2500,75.00,300.0,-39178.5,-35533.6,-35142.8,-35142.8,-35024.7,+0.337,+11.860
20,bench_20_4,25%,0.2500,75.00,300.0,-37543.5,-37088.0,-37080.4,-37080.4,-35251.9,+5.187,+6.501
20,bench_20_1,33.33%,0.3333,100.00,300.0,-40121.2,-40117.5,-40090.7,-40090.7,-40090.7,-0.000,+0.076
20,bench_20_2,33.33%,0.3333,100.00,300.0,-40499.6,-38826.7,-40499.6,-38826.7,-38826.7,+0.000,+4.309
20,bench_20_3,33.33%,0.3333,100.00,300.0,-39178.5,-35462.0,-35142.8,-35142.8,-35024.7,+0.337,+11.860
20,bench_20_4,33.33%,0.3333,100.00,300.0,-37543.5,-38096.8,-37080.4,-37080.4,-35251.9,+5.187,+6.501
20,bench_20_1,50%,0.5000,150.00,300.0,-40121.2,-40117.5,-40090.7,-40090.7,-40090.7,-0.000,+0.076
20,bench_20_2,50%,0.5000,150.00,300.0,-40499.6,-38826.7,-39895.8,-38826.7,-38826.7,+0.000,+4.309
20,bench_20_3,50%,0.5000,150.00,300.0,-39178.5,-35462.0,-35142.8,-35142.8,-35024.7,+0.337,+11.860
20,bench_20_4,50%,0.5000,150.00,300.0,-37543.5,-37063.2,-37080.4,-37063.2,-35251.9,+5.138,+6.501
30,bench_30_1,5%,0.0500,22.50,450.0,-43097.9,-36268.6,-36395.9,-36268.6,-33388.1,+8.627,+29.082
30,bench_30_2,5%,0.0500,22.50,450.0,-60158.0,-37933.1,-38297.4,-37933.1,-37027.1,+2.447,+62.470
30,bench_30_3,5%,0.0500,22.50,450.0,-49025.9,-42550.3,-41343.9,-41343.9,-39126.8,+5.666,+25.300
30,bench_30_4,5%,0.0500,22.50,450.0,-47751.3,-40676.9,-40637.9,-40637.9,-37664.8,+7.894,+26.780
30,bench_30_1,10%,0.1000,45.00,450.0,-43097.9,-36268.6,-36395.9,-36268.6,-33388.1,+8.627,+29.082
30,bench_30_2,10%,0.1000,45.00,450.0,-60158.0,-37933.1,-38596.6,-37933.1,-37027.1,+2.447,+62.470
30,bench_30_3,10%,0.1000,45.00,450.0,-49025.9,-42550.3,-39499.3,-39499.3,-39126.8,+0.952,+25.300
30,bench_30_4,10%,0.1000,45.00,450.0,-47751.3,-40676.9,-40637.9,-40637.9,-37664.8,+7.894,+26.780
30,bench_30_1,20%,0.2000,90.00,450.0,-43097.9,-35720.2,-33109.9,-33109.9,-33388.1,-0.833,+29.082
30,bench_30_2,20%,0.2000,90.00,450.0,-60158.0,-38966.6,-38596.6,-38596.6,-37027.1,+4.239,+62.470
30,bench_30_3,20%,0.2000,90.00,450.0,-49025.9,-41303.9,-39499.3,-39499.3,-39126.8,+0.952,+25.300
30,bench_30_4,20%,0.2000,90.00,450.0,-47751.3,-40973.3,-40637.9,-40637.9,-37664.8,+7.894,+26.780
30,bench_30_1,25%,0.2500,112.50,450.0,-43097.9,-35720.2,-33109.9,-33109.9,-33388.1,-0.833,+29.082
30,bench_30_2,25%,0.2500,112.50,450.0,-60158.0,-38966.6,-38596.6,-38596.6,-37027.1,+4.239,+62.470
30,bench_30_3,25%,0.2500,112.50,450.0,-49025.9,-41303.9,-39499.3,-39499.3,-39126.8,+0.952,+25.300
30,bench_30_4,25%,0.2500,112.50,450.0,-47751.3,-40973.3,-40488.6,-40488.6,-37664.8,+7.497,+26.780
30,bench_30_1,33.33%,0.3333,150.00,450.0,-43097.9,-35720.2,-33109.9,-33109.9,-33388.1,-0.833,+29.082
30,bench_30_2,33.33%,0.3333,150.00,450.0,-60158.0,-38966.6,-37626.6,-37626.6,-37027.1,+1.619,+62.470
30,bench_30_3,33.33%,0.3333,150.00,450.0,-49025.9,-41303.9,-39499.3,-39499.3,-39126.8,+0.952,+25.300
30,bench_30_4,33.33%,0.3333,150.00,450.0,-47751.3,-40973.3,-40488.6,-40488.6,-37664.8,+7.497,+26.780
30,bench_30_1,50%,0.5000,225.00,450.0,-43097.9,-35761.0,-33109.9,-33109.9,-33388.1,-0.833,+29.082
30,bench_30_2,50%,0.5000,225.00,450.0,-60158.0,-38749.7,-37626.6,-37626.6,-37027.1,+1.619,+62.470
30,bench_30_3,50%,0.5000,225.00,450.0,-49025.9,-41303.9,-39499.3,-39499.3,-39126.8,+0.952,+25.300
30,bench_30_4,50%,0.5000,225.00,450.0,-47751.3,-40973.3,-40488.6,-40488.6,-37664.8,+7.497,+26.780
40,bench_40_1,5%,0.0500,30.00,600.0,-56276.5,-38609.9,-40570.6,-38609.9,-34336.6,+12.445,+63.897
40,bench_40_2,5%,0.0500,30.00,600.0,-67503.2,-43528.6,-44794.1,-43528.6,-38852.3,+12.036,+73.743
40,bench_40_3,5%,0.0500,30.00,600.0,-67689.8,-45205.1,-44290.1,-44290.1,-39658.4,+11.679,+70.682
40,bench_40_4,5%,0.0500,30.00,600.0,-53413.9,-42139.1,-38773.0,-38773.0,-36491.2,+6.253,+46.375
40,bench_40_1,10%,0.1000,60.00,600.0,-56276.5,-36952.5,-38849.1,-36952.5,-34336.6,+7.618,+63.897
40,bench_40_2,10%,0.1000,60.00,600.0,-67503.2,-41869.2,-40979.7,-40979.7,-38852.3,+5.476,+73.743
40,bench_40_3,10%,0.1000,60.00,600.0,-67689.8,-46055.3,-44290.1,-44290.1,-39658.4,+11.679,+70.682
40,bench_40_4,10%,0.1000,60.00,600.0,-53413.9,-42142.6,-38773.0,-38773.0,-36491.2,+6.253,+46.375
40,bench_40_1,20%,0.2000,120.00,600.0,-56276.5,-36952.5,-36566.1,-36566.1,-34336.6,+6.493,+63.897
40,bench_40_2,20%,0.2000,120.00,600.0,-67503.2,-39742.9,-39256.6,-39256.6,-38852.3,+1.041,+73.743
40,bench_40_3,20%,0.2000,120.00,600.0,-67689.8,-44702.3,-43532.6,-43532.6,-39658.4,+9.769,+70.682
40,bench_40_4,20%,0.2000,120.00,600.0,-53413.9,-38809.5,-38773.0,-38773.0,-36491.2,+6.253,+46.375
40,bench_40_1,25%,0.2500,150.00,600.0,-56276.5,-36952.5,-36566.1,-36566.1,-34336.6,+6.493,+63.897
40,bench_40_2,25%,0.2500,150.00,600.0,-67503.2,-39742.9,-39246.4,-39246.4,-38852.3,+1.014,+73.743
40,bench_40_3,25%,0.2500,150.00,600.0,-67689.8,-44702.3,-43532.6,-43532.6,-39658.4,+9.769,+70.682
40,bench_40_4,25%,0.2500,150.00,600.0,-53413.9,-38809.5,-38130.6,-38130.6,-36491.2,+4.492,+46.375
40,bench_40_1,33.33%,0.3333,200.00,600.0,-56276.5,-36952.5,-36566.1,-36566.1,-34336.6,+6.493,+63.897
40,bench_40_2,33.33%,0.3333,200.00,600.0,-67503.2,-39742.9,-40737.4,-39742.9,-38852.3,+2.292,+73.743
40,bench_40_3,33.33%,0.3333,200.00,600.0,-67689.8,-43673.7,-43532.6,-43532.6,-39658.4,+9.769,+70.682
40,bench_40_4,33.33%,0.3333,200.00,600.0,-53413.9,-38809.5,-38130.6,-38130.6,-36491.2,+4.492,+46.375
40,bench_40_1,50%,0.5000,300.00,600.0,-56276.5,-35064.4,-36566.1,-35064.4,-34336.6,+2.120,+63.897
40,bench_40_2,50%,0.5000,300.00,600.0,-67503.2,-39742.9,-37294.8,-37294.8,-38852.3,-4.009,+73.743
40,bench_40_3,50%,0.5000,300.00,600.0,-67689.8,-42502.0,-42491.5,-42491.5,-39658.4,+7.144,+70.682
40,bench_40_4,50%,0.5000,300.00,600.0,-53413.9,-38809.5,-37224.4,-37224.4,-36491.2,+2.009,+46.375
