n,instance,MILP_best,MILP_avg,MILP_time_s,SA_best,SA_avg,SA_time_s,VNS_best,VNS_avg,VNS_time_s,MLP_best,MLP_avg,MLP_time_s,GAT_best,GAT_avg,GAT_time_s,MILP_gap_vs_BKS_%,SA_gap_vs_BKS_%,VNS_gap_vs_BKS_%,MLP_gap_vs_BKS_%,GAT_gap_vs_BKS_%,BKS,best_method,LISA_best,LISA_avg,LISA_gap_vs_BKS_%
5,bench_5_1,-30367.7,-30367.7,0.36,-30367.66,-30367.66,10.0,-30367.66,-30367.66,10.0,-30367.66,-30367.66,21.0,-30367.66,-30367.66,39.9,0.0,0.0,0.0,0.0,0.0,-30367.66,MLP,-30367.7,-30367.7,0.0
5,bench_5_2,-35293.6,-35293.6,0.79,-35293.6,-35293.6,10.0,-35293.6,-35344.0,10.0,-35293.6,-35293.6,20.6,-35293.6,-35293.6,35.5,0.0,0.0,0.0,0.0,0.0,-35293.6,MILP,-35293.6,-35293.6,0.0
5,bench_5_3,-27075.2,-27075.2,0.15,-27075.2,-27075.2,10.0,-27075.2,-27075.2,10.0,-27075.2,-27075.2,21.3,-27075.2,-27075.2,47.0,0.0,0.0,0.0,0.0,0.0,-27075.2,MILP,-27075.2,-27075.2,0.0
5,bench_5_4,-29738.2,-29738.2,0.68,-29738.13,-29738.13,10.0,-29738.13,-29738.13,10.0,-29738.13,-29738.13,31.33,-30139.15,-30139.15,34.03,0.0,0.0,0.0,0.0,1.35,-29738.13,MLP,-29738.1,-29738.1,0.0
5,mean,-30618.675,-30618.675,0.495,-30618.6475,-30618.6475,10.0,-30618.6475,-30631.2475,10.0,-30618.6475,-30618.6475,21.05,-30618.6475,-30618.6475,41.55,0.0,0.0,0.0,0.0,0.0,-30618.6475,-,-30618.65,-30618.65,0.0
10,bench_10_1,-37643.09,-37643.13,41.84,-37643.09,-37696.99,30.0,-37643.09,-37643.09,30.0,-37643.09,-37643.09,129.3,-37643.09,-37643.09,201.1,0.0,0.0,0.0,0.0,0.0,-37643.09,SA,-37643.1,-37643.1,0.0
10,bench_10_2,-28382.96,-28383.41,17.77,-28382.96,-28469.56,30.0,-28382.96,-28382.96,30.0,-31575.13,-31575.13,128.0,-30673.69,-30673.69,215.1,0.0,0.0,0.0,11.25,8.07,-28382.96,SA,-28383.0,-28383.0,0.0
10,bench_10_3,-36083.05,-36083.05,72.39,-36395.66,-36404.62,30.0,-36395.66,-36395.66,30.0,-31979.61,-31979.61,114.43,-29063.95,-29063.95,122.05,0.0,0.87,0.87,-11.37,-19.45,-36083.05,MILP,-36395.7,-36395.7,0.866
10,bench_10_4,-32684.63,-32684.7,64.35,-32684.63,-32684.63,30.0,-32684.63,-32684.63,30.0,-33763.38,-33763.38,129.8,-32684.63,-32684.63,246.1,0.0,0.0,0.0,3.3,0.0,-32684.63,SA,-32684.6,-32684.6,0.0
10,mean,-33698.4325,-33698.5725,49.0875,-33776.585,-33813.95,30.0,-33776.585,-33776.585,30.0,-36269.715,-36269.715,129.65,-35753.3275,-35753.3275,228.85,0.0,0.2175,0.2175,7.805,6.125,-33698.4325,-,-33776.6,-33776.6,0.2165
15,bench_15_1,-36385.68,-36385.68,40418.6,-36385.61,-36426.86,120.05,-36385.61,-36385.61,120.0,-38189.41,-38189.41,453.4,-37568.52,-37568.52,567.1,0.0,0.0,0.0,4.96,3.25,-36385.61,SA,-36462.4,-36462.4,0.211
15,bench_15_2,-40252.19,-40252.19,86400.08,-39719.55,-40176.52,120.05,-39799.19,-39984.95,120.0,-41299.5,-41299.5,442.0,-41089.99,-41089.99,580.4,1.34,0.0,0.2,3.98,3.45,-39719.55,SA,-40482.0,-40482.0,1.92
15,bench_15_3,-36302.64,-36302.64,54561.3,-36293.55,-36561.35,120.04,-36689.45,-36689.45,120.0,-38601.93,-38601.93,439.0,-38869.64,-38869.64,573.4,0.03,0.0,1.09,6.36,7.1,-36293.55,SA,-36293.6,-36293.6,0.0
15,bench_15_4,-34573.83,-34573.83,86400.21,-34558.13,-34874.02,120.07,-34558.13,-35179.03,120.01,-34638.83,-34638.83,432.8,-35187.72,-35187.72,575.3,0.05,0.0,0.0,0.23,1.82,-34558.13,SA,-34589.6,-34589.6,0.091
15,mean,-36878.585,-36878.585,66945.0475,-36739.21,-37009.6875,120.0525,-36858.095,-37059.76,120.0025,-38182.4175,-38182.4175,441.8,-38178.9675,-38178.9675,574.05,0.355,0.0,0.3225,3.8825,3.905,-36739.21,-,-36956.9,-36956.9,0.5555
20,bench_20_1,-40090.75,-40090.75,86400.1,-40090.7,-40374.65,300.55,-40090.7,-40486.95,300.02,-42265.08,-42265.08,1078.6,-41865.1,-41865.1,1154.5,0.0,0.0,0.0,5.42,4.43,-40090.7,SA,-40090.7,-40090.7,0.0
20,bench_20_2,-40309.12,-40309.12,86400.08,-38826.69,-39655.67,300.51,-38928.3,-40032.93,300.01,-41324.21,-41324.21,1105.8,-40946.52,-40946.52,1140.6,3.82,0.0,0.26,6.43,5.46,-38826.69,SA,-38826.7,-38826.7,0.0
20,bench_20_3,-37270.65,-37270.65,86400.33,-35251.94,-36896.41,300.52,-35118.95,-36820.52,300.02,-37688.06,-37688.06,1076.7,-37868.29,-37868.29,1140.8,6.13,0.38,0.0,7.32,7.83,-35118.95,VNS,-36016.1,-36016.1,2.555
20,bench_20_4,-37703.22,-37703.22,86401.05,-37515.74,-37985.37,300.34,-37697.6,-37941.89,300.03,-38434.63,-38434.63,1107.3,-38232.43,-38232.43,1152.5,0.5,0.0,0.48,2.45,1.91,-37515.74,SA,-37872.6,-37872.6,0.951
20,mean,-38843.435,-38843.435,86400.39,-37921.2675,-38728.025,300.48,-37958.8875,-38820.5725,300.02,-39927.995,-39927.995,1092.1,-39728.085,-39728.085,1147.1,2.6125,0.095,0.185,5.405,4.9075,-37888.02,-,-38201.525,-38201.525,0.8765
30,bench_30_1,,,,-37027.09,-37800.47,450.6,-37221.75,-39991.34,450.12,-42834.35,-42834.35,25.7,-42575.87,-42575.87,22.9,,0.0,0.53,15.68,14.99,-37027.09,SA,-37626.6,-37626.6,1.619
30,bench_30_2,,,,-39126.81,-39801.93,451.08,-41881.48,-44837.74,450.1,-49444.2,-49444.2,26.4,-44284.12,-44284.12,22.9,,0.0,7.04,26.37,13.18,-39126.81,SA,-39499.3,-39499.3,0.952
30,bench_30_3,,,,-37664.79,-38924.21,450.85,-39922.89,-43366.47,450.06,-40794.67,-40794.67,24.0,-41597.49,-41597.49,23.1,,0.0,6.0,8.31,10.44,-37664.79,SA,-40488.6,-40488.6,7.497
30,bench_30_4,,,,-37021.43,-37539.35,450.05,-39606.06,-40853.56,450.09,-40725.21,-40725.21,26.1,-39732.4,-39732.4,23.6,,0.0,6.98,10.0,7.32,-37021.43,SA,-37644.6,-37644.6,1.683
30,mean,-,-,-,-37710.03,-38516.49,450.645,-39658.045,-42262.2775,450.0925,-43449.6075,-43449.6075,25.55,-42047.47,-42047.47,23.125,-,0.0,5.1375,15.09,11.4825,-37710.03,-,-38814.775,-38814.775,2.9377
40,bench_40_1,,,,-38852.32,-39771.93,600.06,-46490.91,-54457.01,600.09,-46854.95,-46854.95,60.1,-46374.83,-46374.83,50.6,,0.0,19.66,20.6,19.36,-38852.32,SA,-37294.8,-37294.8,-4.009
40,bench_40_2,,,,-39658.39,-42016.18,600.06,-47731.02,-50733.88,600.12,-52105.05,-52105.05,57.1,-47439.18,-47439.18,50.3,,0.0,20.36,31.38,19.62,-39658.39,SA,-42491.5,-42491.5,7.144
40,bench_40_3,,,,-36491.24,-37650.77,600.06,-42219.22,-45043.98,600.21,-39890.57,-39890.57,53.8,-39480.88,-39480.88,51.5,,0.0,15.7,9.32,8.19,-36491.24,SA,-37485.7,-37485.7,2.725
40,bench_40_4,,,,-34242.56,-34786.16,600.38,-38835.47,-43182.56,600.11,-42427.23,-42427.23,60.4,-39572.36,-39572.36,50.2,,0.0,13.41,23.9,15.56,-34242.56,SA,-34307.9,-34307.9,0.191
40,mean,-,-,-,-37311.1275,-38556.26,600.14,-43819.155,-48354.3575,600.1325,-45319.45,-45319.45,57.85,-43216.8125,-43216.8125,50.65,-,0.0,17.2825,21.3,15.6825,-37311.1275,-,-37894.975,-37894.975,1.5128
50,bench_50_1,,,,-35221.78,-36235.18,750.1,-43596.29,-46720.84,750.28,-41058.6,-41058.6,40.1,-39315.06,-39315.06,42.2,,0.0,23.78,16.57,11.62,-35221.78,SA,-36734.3,-36734.3,4.294
50,bench_50_2,,,,-37492.62,-39198.21,750.12,-47867.75,-57012.24,750.39,-47223.92,-47223.92,42.6,-43759.97,-43759.97,41.9,,0.0,27.67,25.96,16.72,-37492.62,SA,-37492.6,-37492.6,0.0
50,bench_50_3,,,,-39688.32,-40655.23,750.14,-48522.11,-51832.75,750.43,-45380.36,-45380.36,40.2,-48110.72,-48110.72,41.8,,0.0,22.26,14.34,21.22,-39688.32,SA,-41124.3,-41124.3,3.618
50,bench_50_4,,,,-35458.63,-38438.31,750.14,-47719.19,-51382.02,750.37,-42414.86,-42414.86,39.6,-46132.84,-46132.84,40.5,,0.0,34.58,19.62,30.1,-35458.63,SA,-38577.0,-38577.0,8.794
50,mean,-,-,-,-36965.3375,-38631.7325,750.125,-46926.335,-51736.9625,750.3675,-44019.435,-44019.435,40.625,-44329.6475,-44329.6475,41.6,-,0.0,27.0725,19.1225,19.915,-36965.3375,-,-38482.05,-38482.05,4.1765
5,bench_5_5,-16725.35,-16725.35,1.393,-16725.35,-16725.35,10,-16725.35,-16725.35,10,-17577.66,-17577.66,4.83,-17383.35,-17383.35,5.09,0.00,0.00,0.00,5.10,3.93,-16725.35,MILP,-16725.4,-16725.4,0.000
10,bench_10_5,-32684.7,-32684.7,46.271,-32684.63,-32684.63,30,-32684.63,-32684.63,30,-33790.43,-33790.43,16.43,-32684.63,-32684.63,17.34,0.00,0.00,0.00,3.38,0.00,-32684.63,SA,-32684.6,-32684.6,-0.000
15,bench_15_5,-33383.138,-33383.138,82847,-33375.7,-33375.7,120,-35483.47,-34078.29,120,-38700.42,-38700.42,234.54,-38631.44,-38631.44,229.0,0.02,0.00,6.32,15.95,15.75,-33375.7,SA,-33375.7,-33375.7,0.000
20,bench_20_5,-37703.222,-37703.222,82971,-38087.24,-37827.4,300,-38101.37,-37953.35,300,-39437.38,-39437.38,60.66,-39785.79,-39785.79,51.4,0.00,1.02,1.06,4.60,5.52,-37703.222,MILP,-37723.7,-37723.7,0.054
30,bench_30_5,,,,-37644.59,-37644.59,450,-41044.49,-41044.49,450,-40028.95,-40028.95,174.23,-39732.4,-39732.4,163.2,,0.00,9.03,6.33,5.55,-37644.59,SA,-37644.6,-37644.6,0.000
40,bench_40_5,,,,-34347.04,-34347.04,600,-42996.3,-42996.3,600,-38555.01,-38555.01,405.96,-36649.65,-36649.65,383.19,,0.00,25.18,12.25,6.70,-34347.04,SA,-34307.9,-34307.9,-0.114
50,bench_50_5,,,,-35365.74,-35365.74,750,-50406.98,-50406.98,750,-41193.62,-41193.62,663.5,-38819.71,-38819.71,700.68,,0.00,42.53,16.48,9.77,-35365.74,SA,-35219.6,-35219.6,-0.413
