n,instance,frac_label,frac,lisa_budget_s,sa_full_budget_s,GAT_beam,SA_scratch_frac,SA_warm_frac,PORTFOLIO_frac,winner,SA_full_best,BEST_REF,LISA_gap_vs_BESTREF_%,SA_full_gap_vs_BESTREF_%,portfolio_vs_SAfull_%
10,ttd300_n10_L1_f025,10%,0.1000,12.00,120.0,-45243.2,-45243.2,-45243.2,-45243.2,PORTF,-45243.2,-45243.2,0.000,0.000,-0.000
10,ttd300_n10_L1_f050,10%,0.1000,12.00,120.0,-41253.2,-41253.2,-41253.2,-41253.2,PORTF,-41253.2,-41253.2,0.000,0.000,-0.000
10,ttd300_n10_L1_f075,10%,0.1000,12.00,120.0,-34623.1,-34623.1,-34623.1,-34623.1,PORTF,-34623.1,-34623.1,-0.000,0.000,+0.000
10,ttd300_n10_L1_f100,10%,0.1000,12.00,120.0,-29669.8,-30126.9,-29669.8,-29669.8,PORTF,-29669.8,-29669.8,0.000,0.000,-0.000
10,ttd300_n10_L2_f025,10%,0.1000,12.00,120.0,-35485.5,-35485.5,-35485.5,-35485.5,PORTF,-35485.5,-35485.5,-0.000,0.000,+0.000
10,ttd300_n10_L2_f050,10%,0.1000,12.00,120.0,-31974.8,-31974.8,-31974.8,-31974.8,PORTF,-31974.8,-31974.8,0.000,0.000,-0.000
10,ttd300_n10_L2_f075,10%,0.1000,12.00,120.0,-30076.4,-30076.4,-30076.4,-30076.4,PORTF,-30076.4,-30076.4,0.000,0.000,-0.000
10,ttd300_n10_L2_f100,10%,0.1000,12.00,120.0,-21359.9,-21359.9,-21359.9,-21359.9,PORTF,-21359.9,-21359.9,-0.000,0.000,+0.000
10,ttd300_n10_L3_f025,10%,0.1000,12.00,120.0,-46605.8,-46605.8,-46605.8,-46605.8,PORTF,-46605.8,-46605.8,-0.000,0.000,+0.000
10,ttd300_n10_L3_f050,10%,0.1000,12.00,120.0,-43655.7,-43732.9,-43655.7,-43655.7,PORTF,-43655.7,-43655.7,-0.000,0.000,+0.000
10,ttd300_n10_L3_f075,10%,0.1000,12.00,120.0,-39634.0,-39634.0,-39634.0,-39634.0,PORTF,-39634.0,-39634.0,-0.000,0.000,+0.000
10,ttd300_n10_L3_f100,10%,0.1000,12.00,120.0,-27048.6,-27048.6,-27048.6,-27048.6,PORTF,-27048.6,-27048.6,-0.000,0.000,+0.000
10,ttd300_n10_L4_f025,10%,0.1000,12.00,120.0,-39204.9,-39204.9,-39204.9,-39204.9,PORTF,-39204.9,-39204.9,0.000,0.000,-0.000
10,ttd300_n10_L4_f050,10%,0.1000,12.00,120.0,-36633.9,-36633.9,-36633.9,-36633.9,PORTF,-36633.9,-36633.9,0.000,0.000,-0.000
10,ttd300_n10_L4_f075,10%,0.1000,12.00,120.0,-23642.3,-23642.3,-23642.3,-23642.3,PORTF,-23642.3,-23642.3,-0.000,0.000,+0.000
10,ttd300_n10_L4_f100,10%,0.1000,12.00,120.0,-21573.4,-21573.4,-21573.4,-21573.4,PORTF,-21573.4,-21573.4,0.000,0.000,-0.000
10,ttd300_n10_L5_f025,10%,0.1000,12.00,120.0,-43130.5,-43130.5,-43130.5,-43130.5,PORTF,-43130.5,-43130.5,-0.000,0.000,+0.000
10,ttd300_n10_L5_f050,10%,0.1000,12.00,120.0,-38700.5,-38700.5,-38700.5,-38700.5,PORTF,-38700.5,-38700.5,-0.000,0.000,+0.000
10,ttd300_n10_L5_f075,10%,0.1000,12.00,120.0,-31116.3,-31116.3,-31116.3,-31116.3,PORTF,-31116.3,-31116.3,-0.000,0.000,+0.000
10,ttd300_n10_L5_f100,10%,0.1000,12.00,120.0,-29298.4,-29298.4,-29298.4,-29298.4,PORTF,-29298.4,-29298.4,-0.000,0.000,+0.000
20,ttd300_n20_L1_f025,10%,0.1000,30.00,300.0,-64192.2,-54904.8,-56608.6,-54904.8,PORTF,-54904.8,-54904.8,0.000,0.000,-0.000
20,ttd300_n20_L1_f050,10%,0.1000,30.00,300.0,-58035.3,-49469.1,-48857.2,-48857.2,PORTF,-48705.0,-48705.0,0.313,0.000,-0.313
20,ttd300_n20_L1_f075,10%,0.1000,30.00,300.0,-29757.1,-29438.9,-29051.0,-29051.0,PORTF,-29438.9,-29438.9,-1.318,0.000,+1.318
20,ttd300_n20_L1_f100,10%,0.1000,30.00,300.0,-36837.3,-29183.7,-29525.2,-29183.7,PORTF,-27953.1,-27599.2,5.741,1.282,-4.402
20,ttd300_n20_L2_f025,10%,0.1000,30.00,300.0,-43091.4,-40569.4,-41008.1,-40569.4,PORTF,-40569.4,-40569.4,0.000,0.000,-0.000
20,ttd300_n20_L2_f050,10%,0.1000,30.00,300.0,-31111.1,-28807.5,-28686.4,-28686.4,PORTF,-28686.4,-28686.4,0.000,0.000,-0.000
20,ttd300_n20_L2_f075,10%,0.1000,30.00,300.0,-23106.8,-23459.3,-23012.4,-23012.4,PORTF,-23459.3,-23459.3,-1.905,0.000,+1.905
20,ttd300_n20_L2_f100,10%,0.1000,30.00,300.0,-22965.4,-22902.3,-22902.3,-22902.3,PORTF,-23249.1,-22887.9,0.063,1.578,+1.491
20,ttd300_n20_L3_f025,10%,0.1000,30.00,300.0,-58223.2,-56996.5,-57047.8,-56996.5,PORTF,-56881.5,-56881.5,0.202,0.000,-0.202
20,ttd300_n20_L3_f050,10%,0.1000,30.00,300.0,-43654.3,-41452.9,-41135.0,-41135.0,PORTF,-40664.7,-40664.7,1.157,0.000,-1.157
20,ttd300_n20_L3_f075,10%,0.1000,30.00,300.0,-32941.4,-30345.6,-31528.7,-30345.6,PORTF,-30382.5,-29807.7,1.805,1.928,+0.121
20,ttd300_n20_L3_f100,10%,0.1000,30.00,300.0,-30325.9,-29434.5,-29146.7,-29146.7,PORTF,-29489.4,-27853.9,4.641,5.872,+1.162
20,ttd300_n20_L4_f025,10%,0.1000,30.00,300.0,-49423.0,-48586.3,-48586.3,-48586.3,PORTF,-48586.3,-48586.3,-0.000,0.000,+0.000
20,ttd300_n20_L4_f050,10%,0.1000,30.00,300.0,-37349.7,-34941.1,-34941.1,-34941.1,PORTF,-34941.1,-34941.1,-0.000,0.000,+0.000
20,ttd300_n20_L4_f075,10%,0.1000,30.00,300.0,-29243.0,-26449.8,-28405.0,-26449.8,PORTF,-27102.9,-26938.0,-1.812,0.612,+2.410
20,ttd300_n20_L4_f100,10%,0.1000,30.00,300.0,-29296.0,-31370.1,-28405.0,-28405.0,PORTF,-26202.3,-26202.3,8.407,0.000,-8.407
20,ttd300_n20_L5_f025,10%,0.1000,30.00,300.0,-56457.3,-56990.7,-55812.9,-55812.9,PORTF,-55473.1,-55473.1,0.612,0.000,-0.612
20,ttd300_n20_L5_f050,10%,0.1000,30.00,300.0,-53508.2,-45490.4,-44143.3,-44143.3,PORTF,-43488.6,-43488.6,1.505,0.000,-1.505
20,ttd300_n20_L5_f075,10%,0.1000,30.00,300.0,-34297.1,-32898.7,-33406.6,-32898.7,PORTF,-32898.7,-32898.7,-0.000,0.000,+0.000
20,ttd300_n20_L5_f100,10%,0.1000,30.00,300.0,-53933.1,-29856.4,-29565.1,-29565.1,PORTF,-29565.1,-29565.1,0.000,0.000,-0.000
30,ttd300_n30_L1_f025,10%,0.1000,45.00,450.0,-60270.7,-55362.8,-54299.6,-54299.6,PORTF,-52332.8,-52332.8,3.758,0.000,-3.758
30,ttd300_n30_L1_f050,10%,0.1000,45.00,450.0,-60547.8,-38708.9,-39391.4,-38708.9,PORTF,-35861.6,-35861.6,7.940,0.000,-7.940
30,ttd300_n30_L1_f075,10%,0.1000,45.00,450.0,-58272.1,-36078.4,-32117.1,-32117.1,PORTF,-30520.1,-29716.9,8.077,2.703,-5.233
30,ttd300_n30_L1_f100,10%,0.1000,45.00,450.0,-47784.2,-33766.4,-30845.9,-30845.9,PORTF,-29291.5,-29094.9,6.018,0.676,-5.307
30,ttd300_n30_L2_f025,10%,0.1000,45.00,450.0,-48023.8,-45537.6,-46059.4,-45537.6,PORTF,-42801.8,-42801.8,6.392,0.000,-6.392
30,ttd300_n30_L2_f050,10%,0.1000,45.00,450.0,-47674.0,-39890.0,-40196.4,-39890.0,PORTF,-37732.8,-37732.8,5.717,0.000,-5.717
30,ttd300_n30_L2_f075,10%,0.1000,45.00,450.0,-48534.0,-37804.0,-36901.8,-36901.8,PORTF,-35117.1,-35117.1,5.082,0.000,-5.082
30,ttd300_n30_L2_f100,10%,0.1000,45.00,450.0,-46484.2,-37145.9,-36766.2,-36766.2,PORTF,-35493.7,-35493.7,3.585,0.000,-3.585
30,ttd300_n30_L3_f025,10%,0.1000,45.00,450.0,-53818.4,-48699.3,-48328.4,-48328.4,PORTF,-48249.4,-48249.4,0.164,0.000,-0.164
30,ttd300_n30_L3_f050,10%,0.1000,45.00,450.0,-49963.2,-34025.1,-31244.7,-31244.7,PORTF,-31940.9,-30592.4,2.132,4.408,+2.180
30,ttd300_n30_L3_f075,10%,0.1000,45.00,450.0,-45603.5,-33632.0,-30910.9,-30910.9,PORTF,-27885.2,-27647.4,11.804,0.860,-10.850
30,ttd300_n30_L3_f100,10%,0.1000,45.00,450.0,-42539.6,-29357.4,-32656.8,-29357.4,PORTF,-27383.6,-27383.6,7.208,0.000,-7.208
30,ttd300_n30_L4_f025,10%,0.1000,45.00,450.0,-53521.9,-50852.8,-51105.3,-50852.8,PORTF,-49102.4,-49102.4,3.565,0.000,-3.565
30,ttd300_n30_L4_f050,10%,0.1000,45.00,450.0,-52489.7,-35160.5,-38646.9,-35160.5,PORTF,-33491.4,-33491.4,4.984,0.000,-4.984
30,ttd300_n30_L4_f075,10%,0.1000,45.00,450.0,-47568.7,-32525.3,-31504.0,-31504.0,PORTF,-29952.1,-29667.9,6.189,0.958,-5.181
30,ttd300_n30_L4_f100,10%,0.1000,45.00,450.0,-46612.1,-30709.3,-31266.7,-30709.3,PORTF,-29312.4,-28969.5,6.006,1.184,-4.766
30,ttd300_n30_L5_f025,10%,0.1000,45.00,450.0,-49733.7,-47486.5,-46788.1,-46788.1,PORTF,-45123.5,-44665.1,4.753,1.026,-3.689
30,ttd300_n30_L5_f050,10%,0.1000,45.00,450.0,-55537.5,-34611.1,-34151.6,-34151.6,PORTF,-32133.5,-32133.5,6.280,0.000,-6.280
30,ttd300_n30_L5_f075,10%,0.1000,45.00,450.0,-50376.2,-36133.0,-34981.5,-34981.5,PORTF,-32152.2,-30278.8,15.531,6.187,-8.800
30,ttd300_n30_L5_f100,10%,0.1000,45.00,450.0,-51576.7,-30644.7,-34505.4,-30644.7,PORTF,-30523.2,-30523.2,0.398,0.000,-0.398
40,ttd300_n40_L1_f025,10%,0.1000,60.00,600.0,-66037.8,-44931.1,-44682.8,-44682.8,PORTF,-44076.5,-43857.7,1.881,0.499,-1.376
40,ttd300_n40_L1_f050,10%,0.1000,60.00,600.0,-58274.4,-36666.4,-33852.6,-33852.6,PORTF,-33047.8,-33047.8,2.435,0.000,-2.435
40,ttd300_n40_L1_f075,10%,0.1000,60.00,600.0,-57327.1,-35863.9,-39017.4,-35863.9,PORTF,-33487.6,-33487.6,7.096,0.000,-7.096
40,ttd300_n40_L1_f100,10%,0.1000,60.00,600.0,-54682.1,-32387.5,-34137.0,-32387.5,PORTF,-32698.0,-32698.0,-0.949,0.000,+0.949
40,ttd300_n40_L2_f025,10%,0.1000,60.00,600.0,-58086.6,-47933.0,-48103.0,-47933.0,PORTF,-47032.8,-47032.8,1.914,0.000,-1.914
40,ttd300_n40_L2_f050,10%,0.1000,60.00,600.0,-51646.4,-37167.0,-37841.2,-37167.0,PORTF,-32688.6,-32688.6,13.700,0.000,-13.700
40,ttd300_n40_L2_f075,10%,0.1000,60.00,600.0,-49817.3,-34418.4,-34548.5,-34418.4,PORTF,-30925.5,-30925.5,11.295,0.000,-11.295
40,ttd300_n40_L2_f100,10%,0.1000,60.00,600.0,-49050.3,-33807.1,-34204.7,-33807.1,PORTF,-29672.4,-29672.4,13.934,0.000,-13.934
40,ttd300_n40_L3_f025,10%,0.1000,60.00,600.0,-70606.5,-57167.0,-57706.3,-57167.0,PORTF,-53722.7,-53186.9,7.483,1.007,-6.411
40,ttd300_n40_L3_f050,10%,0.1000,60.00,600.0,-64962.8,-41477.5,-42206.4,-41477.5,PORTF,-40771.0,-40771.0,1.733,0.000,-1.733
40,ttd300_n40_L3_f075,10%,0.1000,60.00,600.0,-60334.4,-41296.1,-38649.5,-38649.5,PORTF,-38277.4,-35129.1,10.021,8.962,-0.972
40,ttd300_n40_L3_f100,10%,0.1000,60.00,600.0,-57225.2,-36480.1,-40033.9,-36480.1,PORTF,-36480.1,-36480.1,-0.000,0.000,+0.000
40,ttd300_n40_L4_f025,10%,0.1000,60.00,600.0,-68113.8,-53114.1,-53994.5,-53114.1,PORTF,-50897.7,-50897.7,4.355,0.000,-4.355
40,ttd300_n40_L4_f050,10%,0.1000,60.00,600.0,-62659.1,-35544.9,-37267.2,-35544.9,PORTF,-31975.3,-31975.3,11.164,0.000,-11.164
40,ttd300_n40_L4_f075,10%,0.1000,60.00,600.0,-57956.4,-32489.2,-37219.0,-32489.2,PORTF,-31222.7,-31222.7,4.056,0.000,-4.056
40,ttd300_n40_L4_f100,10%,0.1000,60.00,600.0,-55662.6,-31049.8,-35166.1,-31049.8,PORTF,-31049.8,-31049.8,0.000,0.000,-0.000
40,ttd300_n40_L5_f025,10%,0.1000,60.00,600.0,-62527.7,-46288.7,-48502.4,-46288.7,PORTF,-46288.7,-46288.7,0.000,0.000,-0.000
40,ttd300_n40_L5_f050,10%,0.1000,60.00,600.0,-60344.3,-35630.0,-36493.2,-35630.0,PORTF,-35630.0,-35630.0,-0.000,0.000,+0.000
40,ttd300_n40_L5_f075,10%,0.1000,60.00,600.0,-56144.8,-34485.5,-35312.9,-34485.5,PORTF,-33823.6,-33823.6,1.957,0.000,-1.957
40,ttd300_n40_L5_f100,10%,0.1000,60.00,600.0,-58582.6,-34948.0,-33658.3,-33658.3,PORTF,-32523.4,-32523.4,3.489,0.000,-3.489
50,ttd300_n50_L1_f025,10%,0.1000,75.00,750.0,-66180.1,-47635.8,-48007.9,-47635.8,PORTF,-43569.9,-43569.9,9.332,0.000,-9.332
50,ttd300_n50_L1_f050,10%,0.1000,75.00,750.0,-54959.8,-32161.2,-35665.8,-32161.2,PORTF,-29631.3,-29631.3,8.538,0.000,-8.538
50,ttd300_n50_L1_f075,10%,0.1000,75.00,750.0,-53473.1,-30731.8,-33122.3,-30731.8,PORTF,-27566.1,-27566.1,11.484,0.000,-11.484
50,ttd300_n50_L1_f100,10%,0.1000,75.00,750.0,-43983.1,-31343.1,-35886.2,-31343.1,PORTF,-27718.7,-27718.7,13.076,0.000,-13.076
50,ttd300_n50_L2_f025,10%,0.1000,75.00,750.0,-60466.9,-43927.7,-46106.5,-43927.7,PORTF,-41307.1,-38733.0,13.412,6.646,-6.344
50,ttd300_n50_L2_f050,10%,0.1000,75.00,750.0,-53965.1,-28737.2,-32163.8,-28737.2,PORTF,-28737.2,-28737.2,-0.000,0.000,+0.000
50,ttd300_n50_L2_f075,10%,0.1000,75.00,750.0,-49289.6,-32330.6,-29465.9,-29465.9,PORTF,-27591.5,-27591.5,6.794,0.000,-6.794
50,ttd300_n50_L2_f100,10%,0.1000,75.00,750.0,-47757.2,-30269.9,-29244.5,-29244.5,PORTF,-28330.7,-28330.7,3.225,0.000,-3.225
50,ttd300_n50_L3_f025,10%,0.1000,75.00,750.0,-76184.8,-58648.4,-60703.9,-58648.4,PORTF,-54821.7,-54558.8,7.496,0.482,-6.980
50,ttd300_n50_L3_f050,10%,0.1000,75.00,750.0,-70461.6,-46051.3,-40615.6,-40615.6,PORTF,-37297.4,-37297.4,8.897,0.000,-8.897
50,ttd300_n50_L3_f075,10%,0.1000,75.00,750.0,-69025.4,-39363.5,-40878.0,-39363.5,PORTF,-38569.5,-38569.5,2.058,0.000,-2.058
50,ttd300_n50_L3_f100,10%,0.1000,75.00,750.0,-59199.1,-45811.3,-44820.6,-44820.6,PORTF,-38960.0,-38960.0,15.043,0.000,-15.043
50,ttd300_n50_L4_f025,10%,0.1000,75.00,750.0,-75853.7,-59284.0,-58348.2,-58348.2,PORTF,-55137.7,-54030.3,7.992,2.050,-5.823
50,ttd300_n50_L4_f050,10%,0.1000,75.00,750.0,-65729.0,-39811.9,-36880.1,-36880.1,PORTF,-31406.3,-31406.3,17.429,0.000,-17.429
50,ttd300_n50_L4_f075,10%,0.1000,75.00,750.0,-60199.0,-36547.4,-39010.1,-36547.4,PORTF,-31463.2,-31463.2,16.159,0.000,-16.159
50,ttd300_n50_L4_f100,10%,0.1000,75.00,750.0,-61541.5,-34825.2,-30287.8,-30287.8,PORTF,-32214.0,-32214.0,-5.979,0.000,+5.979
50,ttd300_n50_L5_f025,10%,0.1000,75.00,750.0,-68144.2,-52099.5,-48866.1,-48866.1,PORTF,-45941.9,-45257.4,7.974,1.512,-6.365
50,ttd300_n50_L5_f050,10%,0.1000,75.00,750.0,-52130.3,-35817.9,-38314.9,-35817.9,PORTF,-34260.3,-34260.3,4.546,0.000,-4.546
50,ttd300_n50_L5_f075,10%,0.1000,75.00,750.0,-48625.0,-37451.3,-37259.2,-37259.2,PORTF,-32361.7,-32361.7,15.134,0.000,-15.134
50,ttd300_n50_L5_f100,10%,0.1000,75.00,750.0,-48178.2,-38231.2,-35742.4,-35742.4,PORTF,-33281.2,-33281.2,7.395,0.000,-7.395
75,ttd300_n75_L1_f025,10%,0.1000,97.50,975.0,-72283.5,-47689.5,-51777.6,-47689.5,PORTF,-44853.4,-42232.1,12.922,6.207,-6.323
75,ttd300_n75_L1_f050,10%,0.1000,97.50,975.0,-69672.0,-34696.3,-35919.5,-34696.3,PORTF,-31382.1,-31382.1,10.561,0.000,-10.561
75,ttd300_n75_L1_f075,10%,0.1000,97.50,975.0,-72005.1,-35949.4,-43059.3,-35949.4,PORTF,-34624.3,-34624.3,3.827,0.000,-3.827
75,ttd300_n75_L1_f100,10%,0.1000,97.50,975.0,-75313.8,-37206.1,-38893.1,-37206.1,PORTF,-34021.8,-34021.8,9.359,0.000,-9.359
75,ttd300_n75_L2_f025,10%,0.1000,97.50,975.0,-66356.6,-33909.1,-33388.1,-33388.1,PORTF,-33099.5,-33099.5,0.872,0.000,-0.872
75,ttd300_n75_L2_f050,10%,0.1000,97.50,975.0,-66831.9,-32120.4,-28037.9,-28037.9,PORTF,-26408.3,-26408.3,6.171,0.000,-6.171
75,ttd300_n75_L2_f075,10%,0.1000,97.50,975.0,-61088.3,-31296.4,-32241.0,-31296.4,PORTF,-29927.8,-29927.8,4.573,0.000,-4.573
75,ttd300_n75_L2_f100,10%,0.1000,97.50,975.0,-62611.9,-38837.4,-33565.8,-33565.8,PORTF,-28620.5,-28620.5,17.279,0.000,-17.279
75,ttd300_n75_L3_f025,10%,0.1000,97.50,975.0,-76681.0,-43522.4,-45718.7,-43522.4,PORTF,-40453.4,-40453.4,7.586,0.000,-7.586
75,ttd300_n75_L3_f050,10%,0.1000,97.50,975.0,-73963.7,-35478.1,-42837.8,-35478.1,PORTF,-33081.4,-33081.4,7.245,0.000,-7.245
75,ttd300_n75_L3_f075,10%,0.1000,97.50,975.0,-71072.3,-41294.9,-33801.2,-33801.2,PORTF,-30715.1,-30715.1,10.047,0.000,-10.047
75,ttd300_n75_L3_f100,10%,0.1000,97.50,975.0,-70063.0,-44258.2,-42764.9,-42764.9,PORTF,-32480.5,-32480.5,31.663,0.000,-31.663
75,ttd300_n75_L4_f025,10%,0.1000,97.50,975.0,-74501.7,-42173.9,-50174.9,-42173.9,PORTF,-36209.5,-36209.5,16.472,0.000,-16.472
75,ttd300_n75_L4_f050,10%,0.1000,97.50,975.0,-65294.8,-36607.1,-33899.7,-33899.7,PORTF,-33755.3,-33755.3,0.428,0.000,-0.428
75,ttd300_n75_L4_f075,10%,0.1000,97.50,975.0,-62231.9,-39751.9,-35680.2,-35680.2,PORTF,-35669.8,-35669.8,0.029,0.000,-0.029
75,ttd300_n75_L4_f100,10%,0.1000,97.50,975.0,-67558.2,-42771.8,-37433.4,-37433.4,PORTF,-35364.0,-35364.0,5.852,0.000,-5.852
75,ttd300_n75_L5_f025,10%,0.1000,97.50,975.0,-76635.4,-44077.4,-45942.3,-44077.4,PORTF,-44526.5,-44526.5,-1.009,0.000,+1.009
75,ttd300_n75_L5_f050,10%,0.1000,97.50,975.0,-72756.4,-35114.0,-37910.4,-35114.0,PORTF,-31093.9,-31093.9,12.929,0.000,-12.929
75,ttd300_n75_L5_f075,10%,0.1000,97.50,975.0,-68690.3,-38834.3,-32655.9,-32655.9,PORTF,-33277.3,-33277.3,-1.867,0.000,+1.867
75,ttd300_n75_L5_f100,10%,0.1000,97.50,975.0,-69379.8,-43389.7,-42708.4,-42708.4,PORTF,-35962.6,-35962.6,18.758,0.000,-18.758
